acceptance_id,feature_group,action,legacy_symbols,preserved_or_reviewed_rule,target,boundary_case,implementation_steps,status,evidence
M01-A01,M01-F01,输入目录与刷新,_browse_input/_refresh_files,顶层WAV集合;不递归;全列表顺序冻结,桌面目录/网页项目资源,空目录/取消选择/关联缓存刷新,E/G,in_progress,M01-source-map.md;M01-parameter-settings.json (source audit only); docs/testing/m01-workspace-report.md (directory/draft/display verified; full parameter task UI remains pending F/G); docs/testing/m01-persistent-report.md (F2 scoped durable verification; G remains)
M01-A02,M01-F01,同目录与独立输出,_toggle_output_dir/_browse_output,默认同目录;取消勾选后独立目录,桌面保留;网页结果资产,只读目录/路径逃逸/原WAV不变,E/G,in_progress,M01-source-map.md;M01-parameter-settings.json (source audit only); docs/testing/m01-workspace-report.md (directory/draft/display verified; full parameter task UI remains pending F/G); docs/testing/m01-persistent-report.md (F2 scoped durable verification; G remains)
M01-A03,M01-F01,列表多选,_on_selection_changed,选中影响试听和切分;不缩小批处理范围,共同文件栏,选1项但批处理N项,E/G,in_progress,M01-source-map.md;M01-parameter-settings.json (source audit only); docs/testing/m01-workspace-report.md (directory/draft/display verified; full parameter task UI remains pending F/G); docs/testing/m01-persistent-report.md (F2 scoped durable verification; G remains)
M01-A04,M01-F02,自动与显式TextGrid关联,_read_textgrid;analyze_batch,同名关联;批处理自动读全部层,显式asset配对/授权同名文件,缺失/损坏/重名关联不猜测,A/C/G,in_progress,M01-source-map.md;M01-parameter-settings.json (source audit only); docs/testing/m01-io-report.md (bounded C adapter checks only; complete UI/durable acceptance pending); docs/testing/m01-persistent-report.md (F2 scoped durable verification; G remains)
M01-A05,M01-F02,层级选择与预览,_toggle_segmentation,层循环至无层;拟修复即时图刷新,共同层级栏,切文件无同名层/空层,E/G,in_progress,M01-source-map.md;M01-parameter-settings.json (source audit only); docs/testing/m01-workspace-report.md (directory/draft/display verified; full parameter task UI remains pending F/G); docs/testing/m01-persistent-report.md (F2 scoped durable verification; G remains)
M01-A06,M01-F02,选中项切分,_save_segmented_audio,独立动作;int(t*fs);原dtype声道,桌面目录/网页受控WAV结果,sil/eps/空白跳过;非整采样时刻,A/C/G,in_progress,M01-source-map.md;M01-parameter-settings.json (source audit only); docs/testing/m01-io-report.md (bounded C adapter checks only; complete UI/durable acceptance pending); docs/testing/m01-execution-preparation-report.md (F1 owned preparation and policy only; persistent publication/UI pending F2/G); docs/testing/m01-persistent-report.md (F2 scoped durable verification; G remains)
M01-A07,M01-F02,切分名称与异常区间,_save_segmented_audio,旧过滤重名风险单列修正,显示名与资源句柄分离,负时间/越界/重名/已有文件不覆盖,C/E/G,in_progress,M01-source-map.md;M01-parameter-settings.json (source audit only); docs/testing/m01-io-report.md (bounded C adapter checks only; complete UI/durable acceptance pending); docs/testing/m01-workspace-report.md (directory/draft/display verified; full parameter task UI remains pending F/G); docs/testing/m01-execution-preparation-report.md (F1 owned preparation and policy only; persistent publication/UI pending F2/G); docs/testing/m01-persistent-report.md (F2 scoped durable verification; G remains)
M01-A08,M01-F02,唇形数据关联,_read_lip_data;read_lip_data,保留四键;PKL网页不可直接执行,本地受限转换/版本化安全JSON,任意类构造拒绝/无配套文件,A/C/G,in_progress,M01-source-map.md;M01-parameter-settings.json (source audit only); docs/testing/m01-baseline-report.md (legacy baseline only; v3 acceptance still planned); docs/testing/m01-io-report.md (bounded C adapter checks only; complete UI/durable acceptance pending); docs/testing/m01-persistent-report.md (F2 scoped durable verification; G remains)
M01-A09,M01-F02,唇形时间与偏移,resolve_lip_time_axis,音频锚点优先;manual_offset只加一次,同一核心时间规则,伴随timestamp/乱序/重复/无效点,A/B/C,in_progress,M01-source-map.md;M01-parameter-settings.json (source audit only); docs/testing/m01-baseline-report.md (legacy baseline only; v3 acceptance still planned); docs/testing/m01-core-report.md (core verified; complete adapters/UI pending); docs/testing/m01-io-report.md (bounded C adapter checks only; complete UI/durable acceptance pending); docs/testing/m01-persistent-report.md (F2 scoped durable verification; G remains)
M01-A10,M01-F02,唇形四指标与平滑,read_lip_data;analyze_file,源NaN插值与声学保缺口规则分开,四独立参数/配置快照,四键逐值/不足点/长度不符/平滑0与非0,A/B/C/G,in_progress,M01-source-map.md;M01-parameter-settings.json (source audit only); docs/testing/m01-baseline-report.md (legacy baseline only; v3 acceptance still planned); docs/testing/m01-core-report.md (core verified; complete adapters/UI pending); docs/testing/m01-io-report.md (bounded C adapter checks only; complete UI/durable acceptance pending); docs/testing/m01-persistent-report.md (F2 scoped durable verification; G remains)
M01-A11,M01-F03,80项参数选择,ParameterSelectionDialog;_open_parameter_selection,顺序/标签/全选/全不选/确认/取消,ParameterDrawer,空选确认拒绝;取消不改已应用项,A/E/G,in_progress,M01-source-map.md;M01-parameter-settings.json (source audit only); docs/testing/m01-baseline-report.md (legacy baseline only; v3 acceptance still planned); docs/testing/m01-workspace-report.md (directory/draft/display verified; full parameter task UI remains pending F/G); docs/testing/m01-persistent-report.md (F2 scoped durable verification; G remains)
M01-A12,M01-F03,GUI全选与服务无筛选,_apply_selected_parameters,SOE两键不在80目录;两条调用区分,兼容服务/明确GUI配置,真实列计数与顺序;不把推导当运行,A/B/D,in_progress,M01-source-map.md;M01-parameter-settings.json (source audit only); docs/testing/m01-baseline-report.md (legacy baseline only; v3 acceptance still planned); docs/testing/m01-core-report.md (core verified; complete adapters/UI pending); docs/testing/m01-persistent-report.md (F2 scoped durable verification; G remains)
M01-A13,M01-F03,单项与Energy别名,_apply_selected_parameters,Time_s和text_不随参数选择删除,导出与元数据,pF0/rF0分别/Intensity/Energy/未知键,A/B/D,in_progress,M01-source-map.md;M01-parameter-settings.json (source audit only); docs/testing/m01-baseline-report.md (legacy baseline only; v3 acceptance still planned); docs/testing/m01-core-report.md (core verified; complete adapters/UI pending); docs/testing/m01-persistent-report.md (F2 scoped durable verification; G remains)
M01-A14,M01-F03,参数说明和来源,_open_parameter_help,12来源组与实际后端区分,MethodReferences与参数帮助,断网桌面可读;未决许可不伪造,E/G,in_progress,M01-source-map.md;M01-parameter-settings.json (source audit only); docs/testing/m01-workspace-report.md (directory/draft/display verified; full parameter task UI remains pending F/G); docs/testing/m01-persistent-report.md (F2 scoped durable verification; G remains)
M01-A15,M01-F04,10常用设置,SettingsDialog.save_settings,默认/范围/单位逐键核验,SettingsDrawer常用页,每键非默认值快照及实际传递,A/B/D/E,in_progress,M01-source-map.md;M01-parameter-settings.json (source audit only); docs/testing/m01-baseline-report.md (legacy baseline only; v3 acceptance still planned); docs/testing/m01-core-report.md (core verified; complete adapters/UI pending); docs/testing/m01-workspace-report.md (directory/draft/display verified; full parameter task UI remains pending F/G); docs/testing/m01-persistent-report.md (F2 scoped durable verification; G remains)
M01-A16,M01-F04,4个REAPER分组设置,SettingsDialog.save_settings,min/max还影响Praat和WM,SettingsDrawer后端页,开关/频率范围/交叉约束,A/B/D/E,in_progress,M01-source-map.md;M01-parameter-settings.json (source audit only); docs/testing/m01-baseline-report.md (legacy baseline only; v3 acceptance still planned); docs/testing/m01-core-report.md (core verified; complete adapters/UI pending); docs/testing/m01-workspace-report.md (directory/draft/display verified; full parameter task UI remains pending F/G); docs/testing/m01-persistent-report.md (F2 scoped durable verification; G remains)
M01-A17,M01-F04,应用与关闭,SettingsService;SettingsDialog,旧设置进程内生效;新任务独立快照,模块草稿,关闭不应用/改草稿不改已跑结果/跨账号隔离,B/D/E/G,in_progress,M01-source-map.md;M01-parameter-settings.json (source audit only); docs/testing/m01-baseline-report.md (legacy baseline only; v3 acceptance still planned); docs/testing/m01-core-report.md (core verified; complete adapters/UI pending); docs/testing/m01-workspace-report.md (directory/draft/display verified; full parameter task UI remains pending F/G); docs/testing/m01-persistent-report.md (F2 scoped durable verification; G remains)
M01-A18,M01-F05,波形时间与缩放平移,_plot_waveform/_update_plot/_on_scroll/_on_motion,新图按真实样本索引;计算不变,WaveformViewport,22050/44100Hz/短文件/缩放极限,E/G,in_progress,M01-source-map.md;M01-parameter-settings.json (source audit only); docs/testing/m01-workspace-report.md (directory/draft/display verified; full parameter task UI remains pending F/G); docs/testing/m01-execution-preparation-report.md (F1 owned preparation and policy only; persistent publication/UI pending F2/G); docs/testing/m01-persistent-report.md (F2 scoped durable verification; G remains)
M01-A19,M01-F05,播放与停止,_play_audio/_stop_audio,首个选中文件从0全文件播放,AudioTransport,切文件停止前一音频;错误清理,E/G,in_progress,M01-source-map.md;M01-parameter-settings.json (source audit only); docs/testing/m01-workspace-report.md (directory/draft/display verified; full parameter task UI remains pending F/G); docs/testing/m01-persistent-report.md (F2 scoped durable verification; G remains)
M01-A20,M01-F06,整列表批处理,_start_processing/analyze_batch,处理全列表;逐文件失败继续,持久批次和子任务,17文件/空列表/中间损坏文件,A/F/G,in_progress,M01-source-map.md;M01-parameter-settings.json (source audit only); docs/testing/m01-execution-preparation-report.md (F1 owned preparation and policy only; persistent publication/UI pending F2/G); docs/testing/m01-persistent-report.md (F2 scoped durable verification; G remains)
M01-A21,M01-F06,进度与取消,PEWorker.run/analyze_batch,明确已完成数量;改进文件内取消,共享TaskPanel,运行中取消/未开始取消/重复取消,C/F/G,in_progress,M01-source-map.md;M01-parameter-settings.json (source audit only); docs/testing/m01-io-report.md (bounded C adapter checks only; complete UI/durable acceptance pending); docs/testing/m01-execution-preparation-report.md (F1 owned preparation and policy only; persistent publication/UI pending F2/G); docs/testing/m01-persistent-report.md (F2 scoped durable verification; G remains)
M01-A22,M01-F06,双格式导出,save_results/save_excel/save_fast_parameter_db,XLSX显示列名;SQLite params与时间索引,每文件两个原子产物,第二输出失败/数值标签mask回读/不覆盖旧库,A/C/F/G,in_progress,M01-source-map.md;M01-parameter-settings.json (source audit only); docs/testing/m01-baseline-report.md (legacy baseline only; v3 acceptance still planned); docs/testing/m01-io-report.md (bounded C adapter checks only; complete UI/durable acceptance pending); docs/testing/m01-execution-preparation-report.md (F1 owned preparation and policy only; persistent publication/UI pending F2/G); docs/testing/m01-persistent-report.md (F2 scoped durable verification; G remains)
M01-A23,M01-F06,部分结果与失败详情,BatchAnalysisResult/_on_finished,保留已成功文件;不能假全成功,批次complete与计数,失败+取消同时存在/重试仅失败项,D/F/G,planned,M01-source-map.md;M01-parameter-settings.json (source audit only); docs/testing/m01-persistent-report.md (F2 scoped durable verification; G remains)
M01-A24,M01-F06,原生REAPER与回退,compute_reaper_f0,16k量化/native/python分别标识,受控native port,真正二进制成功/缺失/失败/取消/超限,A/B/C/G,in_progress,M01-source-map.md;M01-parameter-settings.json (source audit only); docs/testing/m01-baseline-report.md (legacy baseline only; v3 acceptance still planned); docs/testing/m01-core-report.md (core verified; complete adapters/UI pending); docs/testing/m01-io-report.md (bounded C adapter checks only; complete UI/durable acceptance pending); docs/testing/m01-persistent-report.md (F2 scoped durable verification; G remains)
M01-A25,M01-F06,WM的IRAPT与Praat回退,_extract_f0_for_wm,不替换为另一jitter算法,实际后端元数据,IRAPT失败但Praat成功/两者无有效点,A/B/C,in_progress,M01-source-map.md;M01-parameter-settings.json (source audit only); docs/testing/m01-baseline-report.md (legacy baseline only; v3 acceptance still planned); docs/testing/m01-core-report.md (core verified; complete adapters/UI pending); docs/testing/m01-io-report.md (bounded C adapter checks only; complete UI/durable acceptance pending); docs/testing/m01-persistent-report.md (F2 scoped durable verification; G remains)
M01-A26,M01-F06,基线与元数据,analyze_file/AnalysisResult,数值时间mask保留;真实采样率修正分开,科学结果契约,静音/空/极短/损坏/多声道/非默认设置,A/B/D/G,in_progress,M01-source-map.md;M01-parameter-settings.json (source audit only); docs/testing/m01-baseline-report.md (legacy baseline only; v3 acceptance still planned); docs/testing/m01-core-report.md (core verified; complete adapters/UI pending); docs/testing/m01-persistent-report.md (F2 scoped durable verification; G remains)
M01-A27,M01-F06,配额与到期,FilePipeline;Storage,上传/临时/结果全计量;到期不可续,网页资源任务,最后1字节/生成与切分TTL/输入删除竞态,C/D/F/G,in_progress,M01-source-map.md;M01-parameter-settings.json (source audit only); docs/testing/m01-io-report.md (bounded C adapter checks only; complete UI/durable acceptance pending); docs/testing/m01-persistent-report.md (F2 scoped durable verification; G remains)
M01-A28,M01-F06,重启恢复与旧worker,PostgresJobStore;FilePipeline,持久批次;旧代不可写和提交,server/本地SQLite,提交中断/租约丢失/计算进程树清理,F/G,planned,M01-source-map.md;M01-parameter-settings.json (source audit only); docs/testing/m01-persistent-report.md (F2 scoped durable verification; G remains)
M01-A29,M01-F06,桌面离线与网页隔离,platform providers;local_service,桌面无云账号与7天清理,真实Qt目录和server项目,断公网本地计算/两账号两项目/关页恢复,E/F/G,in_progress,M01-source-map.md;M01-parameter-settings.json (source audit only); docs/testing/m01-workspace-report.md (directory/draft/display verified; full parameter task UI remains pending F/G); docs/testing/m01-persistent-report.md (F2 scoped durable verification; G remains)
M01-A30,M01-F05,共同主题与页面状态,set_theme;共享工作台,浅深主题/中文IPA/真实空态,统一主题和布局,390px/宽屏/键盘/标签草稿/无假结果,E/G,in_progress,M01-source-map.md;M01-parameter-settings.json (source audit only); docs/testing/m01-workspace-report.md (directory/draft/display verified; full parameter task UI remains pending F/G); docs/testing/m01-persistent-report.md (F2 scoped durable verification; G remains)
M01-A31,M01-F05,单声道默认和双声道切换,user-request-2026-09-10,仅显示与预览;不改原音频或既有参数公式,WaveformViewport/SpectrogramViewport,默认1轨;开关2轨;试听声道对应;172px/150px,E/G,in_progress,docs/testing/m01-workspace-report.md (display verified; full module G pending); docs/testing/m01-persistent-report.md (F2 scoped durable verification; G remains)
M01-A32,M01-F05,紧凑列表与全选,user-request-2026-09-10,仅显示与预览;不改原音频或既有参数公式,WaveformViewport/SpectrogramViewport,约36-41px文件行;17项全选/清空;全列表批范围不变,E/G,in_progress,docs/testing/m01-workspace-report.md (display verified; full module G pending); docs/testing/m01-persistent-report.md (F2 scoped durable verification; G remains)
M01-A33,M01-F05,Praat语谱图开关,user-request-2026-09-10,仅显示与预览;不改原音频或既有参数公式,WaveformViewport/SpectrogramViewport,真实Praat频峰/时间网格;灰度;两端开关;随缩放变化,E/G,in_progress,docs/testing/m01-workspace-report.md (display verified; full module G pending); docs/testing/m01-persistent-report.md (F2 scoped durable verification; G remains)
M01-A34,M01-F05,长音频显示预算,user-request-2026-09-10,仅显示与预览;不改原音频或既有参数公式,WaveformViewport/SpectrogramViewport,600秒19.2MB;Worker解码;峰值保真;显示点数上限;计算超时和内存限制,E/G,in_progress,docs/testing/m01-workspace-report.md (display verified; full module G pending); docs/testing/m01-persistent-report.md (F2 scoped durable verification; G remains)
M01-A35,M01-F05,独立列滚动及共同溢出,user-request-2026-09-10-layout,宽屏各列独立;全部溢出时工作区共同滚动;窄屏自然纵排,M01/shared workbench,1440x900独立;1440x660共同;恢复900;390无横溢出,E/G,in_progress,docs/testing/m01-layout-report.md (UI scoped verification; full module pending F/G); docs/testing/m01-persistent-report.md (F2 scoped durable verification; G remains)
M01-A36,M01-F05,可见时间轴与鼠标缩放,user-request-2026-09-10-layout,每轨秒刻度;Ctrl滚轮指针锚定;普通滚轮滚动;双击全长,M01/shared workbench,0.6秒指针在75%缩放后保持;语谱图跟随,E/G,in_progress,docs/testing/m01-layout-report.md (UI scoped verification; full module pending F/G); docs/testing/m01-persistent-report.md (F2 scoped durable verification; G remains)
M01-A37,M01-F05,播放进度定位,user-request-2026-09-10-layout,当前选区内拖动;暂停定位;播放继续;终点与停止,M01/shared workbench,600秒合成音频;实际鼠标拖动期间不被播放计时重置,E/G,in_progress,docs/testing/m01-layout-report.md (UI scoped verification; full module pending F/G); docs/testing/m01-persistent-report.md (F2 scoped durable verification; G remains)
M01-A38,M01-F05,紧凑目录栏及键盘全选,user-request-2026-09-10-layout,宽屏合并目录输出;按宽度换行;Ctrl+A只在文件列生效,M01/shared workbench,Qt目录栏同一行;17文件Ctrl+A;不改变全列表批范围,E/G,in_progress,docs/testing/m01-layout-report.md (UI scoped verification; full module pending F/G); docs/testing/m01-persistent-report.md (F2 scoped durable verification; G remains)
M01-A39,M01-F02,说明书承诺的参数同步切分,manual-2.1,M01-MAN01;v2说明书2.1有此承诺;当前函数仅写WAV;必须核定并处理,M01/shared workbench,既有结果切片时间轴;结果缺失;双格式回读;部分失败,F/G,in_progress,docs/modules/v2-manual-coverage.md; docs/testing/m01-execution-preparation-report.md (F1 owned preparation and policy only; persistent publication/UI pending F2/G); docs/testing/m01-persistent-report.md (F2 scoped durable verification; G remains)
