Parameter,Time,Value,Global
__DURATION__,2.0,0,False
__VOWEL_INPUT__,0,o ///i ///i ///a ///i ///o ///i ///i ///i ///a ///i,False
F0,0.0,120.0,False
F0,0.06254892717771923,137.63736263736263,False
F0,0.10754507862631224,146.70329670329664,False
F0,0.15254123007490522,158.79120879120876,False
F0,0.19753738152349823,158.79120879120876,False
F0,0.24253353297209124,158.79120879120876,False
F0,0.2875296844206843,158.79120879120876,False
F0,0.33252583586927725,158.79120879120876,False
F0,0.37752198731787023,164.8351648351648,False
F0,0.4300174973412288,164.8351648351648,False
F0,0.4750136487898218,164.8351648351648,False
F0,0.5200098002384148,164.8351648351648,False
F0,0.5650059516870078,173.90109890109886,False
F0,0.6100021031356009,201.09890109890108,False
F0,0.6549982545841938,182.96703296703294,False
F0,0.6999944060327868,161.8131868131868,False
F0,0.7449905574813799,161.8131868131868,False
F0,0.7899867089299729,167.85714285714283,False
F0,0.8349828603785658,170.87912087912082,False
F0,0.8799790118271589,170.87912087912082,False
F0,0.9249751632757519,170.87912087912082,False
F0,0.969971314724345,149.7252747252747,False
F0,1.014967466172938,134.61538461538458,False
F0,1.059963617621531,122.52747252747247,False
F0,1.1049597690701238,176.9230769230769,False
F0,1.1499559205187169,189.01098901098896,False
F0,1.19495207196731,189.01098901098896,False
F0,1.239948223415903,189.01098901098896,False
F0,1.284944374864496,170.87912087912082,False
F0,1.3374398848878544,164.8351648351648,False
F0,1.3824360363364474,161.8131868131868,False
F0,1.4274321877850404,161.8131868131868,False
F0,1.479927697808399,164.8351648351648,False
F0,1.5249238492569919,170.87912087912082,False
F0,1.584918717855116,176.9230769230769,False
F0,1.629914869303709,198.07692307692304,False
F0,1.674911020752302,189.01098901098896,False
F0,1.719907172200895,164.8351648351648,False
F0,1.764903323649488,146.70329670329664,False
F0,1.809899475098081,131.59340659340654,False
F0,1.854895626546674,146.70329670329664,False
F0,1.914890495144798,155.76923076923072,False
F0,1.959886646593391,155.76923076923072,False
F0,2.0,155.76923076923072,False
AV,0.0,200.0,False
AV,0.01,200.0,False
AV,0.02,200.0,False
AV,0.03,200.0,False
AV,0.04,200.0,False
AV,0.05,200.0,False
AV,0.06,200.0,False
AV,0.07,200.0,False
AV,0.08,200.0,False
AV,0.09,200.0,False
AV,0.1,200.0,False
AV,0.11,200.0,False
AV,0.12,200.0,False
AV,0.13,200.0,False
AV,0.14,200.0,False
AV,0.15,200.0,False
AV,0.16,200.0,False
AV,0.17,0.0,False
AV,0.18,0.0,False
AV,0.19,200.0,False
AV,0.2,200.0,False
AV,0.21,200.0,False
AV,0.22,200.0,False
AV,0.23,200.0,False
AV,0.24,200.0,False
AV,0.25,200.0,False
AV,0.26,200.0,False
AV,0.27,200.0,False
AV,0.28,200.0,False
AV,0.29,200.0,False
AV,0.3,200.0,False
AV,0.31,200.0,False
AV,0.32,200.0,False
AV,0.33,200.0,False
AV,0.34,200.0,False
AV,0.35000000000000003,0.0,False
AV,0.36,0.0,False
AV,0.37,200.0,False
AV,0.38,200.0,False
AV,0.39,200.0,False
AV,0.4,200.0,False
AV,0.41000000000000003,200.0,False
AV,0.42,200.0,False
AV,0.43,200.0,False
AV,0.44,200.0,False
AV,0.45,200.0,False
AV,0.46,200.0,False
AV,0.47000000000000003,200.0,False
AV,0.48,200.0,False
AV,0.49,200.0,False
AV,0.5,200.0,False
AV,0.51,200.0,False
AV,0.52,200.0,False
AV,0.53,200.0,False
AV,0.54,0.0,False
AV,0.55,0.0,False
AV,0.56,200.0,False
AV,0.5700000000000001,200.0,False
AV,0.58,200.0,False
AV,0.59,200.0,False
AV,0.6,200.0,False
AV,0.61,200.0,False
AV,0.62,200.0,False
AV,0.63,200.0,False
AV,0.64,200.0,False
AV,0.65,200.0,False
AV,0.66,200.0,False
AV,0.67,200.0,False
AV,0.68,200.0,False
AV,0.6900000000000001,200.0,False
AV,0.7000000000000001,200.0,False
AV,0.71,200.0,False
AV,0.72,0.0,False
AV,0.73,0.0,False
AV,0.74,200.0,False
AV,0.75,200.0,False
AV,0.76,200.0,False
AV,0.77,200.0,False
AV,0.78,200.0,False
AV,0.79,200.0,False
AV,0.8,200.0,False
AV,0.81,200.0,False
AV,0.8200000000000001,200.0,False
AV,0.8300000000000001,200.0,False
AV,0.84,200.0,False
AV,0.85,200.0,False
AV,0.86,200.0,False
AV,0.87,200.0,False
AV,0.88,200.0,False
AV,0.89,200.0,False
AV,0.9,0.0,False
AV,0.91,0.0,False
AV,0.92,200.0,False
AV,0.93,200.0,False
AV,0.9400000000000001,200.0,False
AV,0.9500000000000001,200.0,False
AV,0.96,200.0,False
AV,0.97,200.0,False
AV,0.98,200.0,False
AV,0.99,200.0,False
AV,1.0,200.0,False
AV,1.01,200.0,False
AV,1.02,200.0,False
AV,1.03,200.0,False
AV,1.04,200.0,False
AV,1.05,200.0,False
AV,1.06,200.0,False
AV,1.07,200.0,False
AV,1.08,200.0,False
AV,1.09,0.0,False
AV,1.1,0.0,False
AV,1.11,200.0,False
AV,1.12,200.0,False
AV,1.1300000000000001,200.0,False
AV,1.1400000000000001,200.0,False
AV,1.1500000000000001,200.0,False
AV,1.16,200.0,False
AV,1.17,200.0,False
AV,1.18,200.0,False
AV,1.19,200.0,False
AV,1.2,200.0,False
AV,1.21,200.0,False
AV,1.22,200.0,False
AV,1.23,200.0,False
AV,1.24,200.0,False
AV,1.25,200.0,False
AV,1.26,200.0,False
AV,1.27,0.0,False
AV,1.28,0.0,False
AV,1.29,200.0,False
AV,1.3,200.0,False
AV,1.31,200.0,False
AV,1.32,200.0,False
AV,1.33,200.0,False
AV,1.34,200.0,False
AV,1.35,200.0,False
AV,1.36,200.0,False
AV,1.37,200.0,False
AV,1.3800000000000001,200.0,False
AV,1.3900000000000001,200.0,False
AV,1.4000000000000001,200.0,False
AV,1.41,200.0,False
AV,1.42,200.0,False
AV,1.43,200.0,False
AV,1.44,200.0,False
AV,1.45,0.0,False
AV,1.46,0.0,False
AV,1.47,200.0,False
AV,1.48,200.0,False
AV,1.49,200.0,False
AV,1.5,200.0,False
AV,1.51,200.0,False
AV,1.52,200.0,False
AV,1.53,200.0,False
AV,1.54,200.0,False
AV,1.55,200.0,False
AV,1.56,200.0,False
AV,1.57,200.0,False
AV,1.58,200.0,False
AV,1.59,200.0,False
AV,1.6,200.0,False
AV,1.61,200.0,False
AV,1.62,200.0,False
AV,1.6300000000000001,200.0,False
AV,1.6400000000000001,0.0,False
AV,1.6500000000000001,0.0,False
AV,1.6600000000000001,200.0,False
AV,1.67,200.0,False
AV,1.68,200.0,False
AV,1.69,200.0,False
AV,1.7,200.0,False
AV,1.71,200.0,False
AV,1.72,200.0,False
AV,1.73,200.0,False
AV,1.74,200.0,False
AV,1.75,200.0,False
AV,1.76,200.0,False
AV,1.77,200.0,False
AV,1.78,200.0,False
AV,1.79,200.0,False
AV,1.8,200.0,False
AV,1.81,200.0,False
AV,1.82,0.0,False
AV,1.83,0.0,False
AV,1.84,200.0,False
AV,1.85,200.0,False
AV,1.86,200.0,False
AV,1.87,200.0,False
AV,1.8800000000000001,200.0,False
AV,1.8900000000000001,200.0,False
AV,1.9000000000000001,200.0,False
AV,1.9100000000000001,200.0,False
AV,1.92,200.0,False
AV,1.93,200.0,False
AV,1.94,200.0,False
AV,1.95,200.0,False
AV,1.96,200.0,False
AV,1.97,200.0,False
AV,1.98,200.0,False
AV,1.99,200.0,False
AV,2.0,200.0,False
Jitter,0.0,0.0,False
Jitter,2.0,0.0,False
Shimmer,0.0,0.0,False
Shimmer,2.0,0.0,False
SHR,0.0,0.0,False
SHR,2.0,0.0,False
HNR,0.0,60.0,False
HNR,2.0,60.0,False
Slope,0.0,-10.0,False
Slope,2.0,-10.0,False
H1H2,0.0,0.0,False
H1H2,2.0,0.0,False
F1,0.0,460.0,False
F1,0.01,460.0,False
F1,0.02,460.0,False
F1,0.03,460.0,False
F1,0.04,460.0,False
F1,0.05,460.0,False
F1,0.06,460.0,False
F1,0.07,460.0,False
F1,0.08,460.0,False
F1,0.09,460.0,False
F1,0.1,460.0,False
F1,0.11,460.0,False
F1,0.12,460.0,False
F1,0.13,460.0,False
F1,0.14,452.4,False
F1,0.15,437.2,False
F1,0.16,414.4,False
F1,0.17,384.0,False
F1,0.18,346.0,False
F1,0.19,315.6,False
F1,0.2,292.8,False
F1,0.21,277.6,False
F1,0.22,270.0,False
F1,0.23,270.0,False
F1,0.24,270.0,False
F1,0.25,270.0,False
F1,0.26,270.0,False
F1,0.27,270.0,False
F1,0.28,270.0,False
F1,0.29,270.0,False
F1,0.3,270.0,False
F1,0.31,270.0,False
F1,0.32,270.0,False
F1,0.33,270.0,False
F1,0.34,270.0,False
F1,0.35000000000000003,270.0,False
F1,0.36,270.0,False
F1,0.37,270.0,False
F1,0.38,270.0,False
F1,0.39,270.0,False
F1,0.4,270.0,False
F1,0.41000000000000003,270.0,False
F1,0.42,270.0,False
F1,0.43,270.0,False
F1,0.44,270.0,False
F1,0.45,270.0,False
F1,0.46,270.0,False
F1,0.47000000000000003,270.0,False
F1,0.48,270.0,False
F1,0.49,270.0,False
F1,0.5,270.0,False
F1,0.51,288.4,False
F1,0.52,325.2,False
F1,0.53,380.4,False
F1,0.54,454.0,False
F1,0.55,546.0,False
F1,0.56,619.6,False
F1,0.5700000000000001,674.8,False
F1,0.58,711.6,False
F1,0.59,730.0,False
F1,0.6,730.0,False
F1,0.61,730.0,False
F1,0.62,730.0,False
F1,0.63,730.0,False
F1,0.64,730.0,False
F1,0.65,730.0,False
F1,0.66,730.0,False
F1,0.67,730.0,False
F1,0.68,730.0,False
F1,0.6900000000000001,711.6,False
F1,0.7000000000000001,674.8,False
F1,0.71,619.6,False
F1,0.72,546.0,False
F1,0.73,454.0,False
F1,0.74,380.4,False
F1,0.75,325.2,False
F1,0.76,288.4,False
F1,0.77,270.0,False
F1,0.78,270.0,False
F1,0.79,270.0,False
F1,0.8,270.0,False
F1,0.81,270.0,False
F1,0.8200000000000001,270.0,False
F1,0.8300000000000001,270.0,False
F1,0.84,270.0,False
F1,0.85,270.0,False
F1,0.86,270.0,False
F1,0.87,277.6,False
F1,0.88,292.8,False
F1,0.89,315.6,False
F1,0.9,346.0,False
F1,0.91,384.0,False
F1,0.92,414.4,False
F1,0.93,437.2,False
F1,0.9400000000000001,452.4,False
F1,0.9500000000000001,460.0,False
F1,0.96,460.0,False
F1,0.97,460.0,False
F1,0.98,460.0,False
F1,0.99,460.0,False
F1,1.0,460.0,False
F1,1.01,460.0,False
F1,1.02,460.0,False
F1,1.03,460.0,False
F1,1.04,460.0,False
F1,1.05,460.0,False
F1,1.06,452.4,False
F1,1.07,437.2,False
F1,1.08,414.4,False
F1,1.09,384.0,False
F1,1.1,346.0,False
F1,1.11,315.6,False
F1,1.12,292.8,False
F1,1.1300000000000001,277.6,False
F1,1.1400000000000001,270.0,False
F1,1.1500000000000001,270.0,False
F1,1.16,270.0,False
F1,1.17,270.0,False
F1,1.18,270.0,False
F1,1.19,270.0,False
F1,1.2,270.0,False
F1,1.21,270.0,False
F1,1.22,270.0,False
F1,1.23,270.0,False
F1,1.24,270.0,False
F1,1.25,270.0,False
F1,1.26,270.0,False
F1,1.27,270.0,False
F1,1.28,270.0,False
F1,1.29,270.0,False
F1,1.3,270.0,False
F1,1.31,270.0,False
F1,1.32,270.0,False
F1,1.33,270.0,False
F1,1.34,270.0,False
F1,1.35,270.0,False
F1,1.36,270.0,False
F1,1.37,270.0,False
F1,1.3800000000000001,270.0,False
F1,1.3900000000000001,270.0,False
F1,1.4000000000000001,270.0,False
F1,1.41,270.0,False
F1,1.42,270.0,False
F1,1.43,270.0,False
F1,1.44,270.0,False
F1,1.45,270.0,False
F1,1.46,270.0,False
F1,1.47,270.0,False
F1,1.48,270.0,False
F1,1.49,270.0,False
F1,1.5,270.0,False
F1,1.51,270.0,False
F1,1.52,270.0,False
F1,1.53,270.0,False
F1,1.54,270.0,False
F1,1.55,270.0,False
F1,1.56,270.0,False
F1,1.57,270.0,False
F1,1.58,270.0,False
F1,1.59,270.0,False
F1,1.6,270.0,False
F1,1.61,288.4,False
F1,1.62,325.2,False
F1,1.6300000000000001,380.4,False
F1,1.6400000000000001,454.0,False
F1,1.6500000000000001,546.0,False
F1,1.6600000000000001,619.6,False
F1,1.67,674.8,False
F1,1.68,711.6,False
F1,1.69,730.0,False
F1,1.7,730.0,False
F1,1.71,730.0,False
F1,1.72,730.0,False
F1,1.73,730.0,False
F1,1.74,730.0,False
F1,1.75,730.0,False
F1,1.76,730.0,False
F1,1.77,730.0,False
F1,1.78,730.0,False
F1,1.79,711.6,False
F1,1.8,674.8,False
F1,1.81,619.6,False
F1,1.82,546.0,False
F1,1.83,454.0,False
F1,1.84,380.4,False
F1,1.85,325.2,False
F1,1.86,288.4,False
F1,1.87,270.0,False
F1,1.8800000000000001,270.0,False
F1,1.8900000000000001,270.0,False
F1,1.9000000000000001,270.0,False
F1,1.9100000000000001,270.0,False
F1,1.92,270.0,False
F1,1.93,270.0,False
F1,1.94,270.0,False
F1,1.95,270.0,False
F1,1.96,270.0,False
F1,1.97,270.0,False
F1,1.98,270.0,False
F1,1.99,270.0,False
F1,2.0,270.0,False
F2,0.0,800.0,False
F2,0.01,800.0,False
F2,0.02,800.0,False
F2,0.03,800.0,False
F2,0.04,800.0,False
F2,0.05,800.0,False
F2,0.06,800.0,False
F2,0.07,800.0,False
F2,0.08,800.0,False
F2,0.09,800.0,False
F2,0.1,800.0,False
F2,0.11,800.0,False
F2,0.12,800.0,False
F2,0.13,800.0,False
F2,0.14,859.6,False
F2,0.15,978.8,False
F2,0.16,1157.6,False
F2,0.17,1396.0,False
F2,0.18,1694.0,False
F2,0.19,1932.4,False
F2,0.2,2111.2,False
F2,0.21,2230.4,False
F2,0.22,2290.0,False
F2,0.23,2290.0,False
F2,0.24,2290.0,False
F2,0.25,2290.0,False
F2,0.26,2290.0,False
F2,0.27,2290.0,False
F2,0.28,2290.0,False
F2,0.29,2290.0,False
F2,0.3,2290.0,False
F2,0.31,2290.0,False
F2,0.32,2290.0,False
F2,0.33,2290.0,False
F2,0.34,2290.0,False
F2,0.35000000000000003,2290.0,False
F2,0.36,2290.0,False
F2,0.37,2290.0,False
F2,0.38,2290.0,False
F2,0.39,2290.0,False
F2,0.4,2290.0,False
F2,0.41000000000000003,2290.0,False
F2,0.42,2290.0,False
F2,0.43,2290.0,False
F2,0.44,2290.0,False
F2,0.45,2290.0,False
F2,0.46,2290.0,False
F2,0.47000000000000003,2290.0,False
F2,0.48,2290.0,False
F2,0.49,2290.0,False
F2,0.5,2290.0,False
F2,0.51,2242.0,False
F2,0.52,2146.0,False
F2,0.53,2002.0,False
F2,0.54,1810.0,False
F2,0.55,1570.0,False
F2,0.56,1378.0,False
F2,0.5700000000000001,1234.0,False
F2,0.58,1138.0,False
F2,0.59,1090.0,False
F2,0.6,1090.0,False
F2,0.61,1090.0,False
F2,0.62,1090.0,False
F2,0.63,1090.0,False
F2,0.64,1090.0,False
F2,0.65,1090.0,False
F2,0.66,1090.0,False
F2,0.67,1090.0,False
F2,0.68,1090.0,False
F2,0.6900000000000001,1138.0,False
F2,0.7000000000000001,1234.0,False
F2,0.71,1378.0,False
F2,0.72,1570.0,False
F2,0.73,1810.0,False
F2,0.74,2002.0,False
F2,0.75,2146.0,False
F2,0.76,2242.0,False
F2,0.77,2290.0,False
F2,0.78,2290.0,False
F2,0.79,2290.0,False
F2,0.8,2290.0,False
F2,0.81,2290.0,False
F2,0.8200000000000001,2290.0,False
F2,0.8300000000000001,2290.0,False
F2,0.84,2290.0,False
F2,0.85,2290.0,False
F2,0.86,2290.0,False
F2,0.87,2230.4,False
F2,0.88,2111.2,False
F2,0.89,1932.4,False
F2,0.9,1694.0,False
F2,0.91,1396.0,False
F2,0.92,1157.6,False
F2,0.93,978.8,False
F2,0.9400000000000001,859.6,False
F2,0.9500000000000001,800.0,False
F2,0.96,800.0,False
F2,0.97,800.0,False
F2,0.98,800.0,False
F2,0.99,800.0,False
F2,1.0,800.0,False
F2,1.01,800.0,False
F2,1.02,800.0,False
F2,1.03,800.0,False
F2,1.04,800.0,False
F2,1.05,800.0,False
F2,1.06,859.6,False
F2,1.07,978.8,False
F2,1.08,1157.6,False
F2,1.09,1396.0,False
F2,1.1,1694.0,False
F2,1.11,1932.4,False
F2,1.12,2111.2,False
F2,1.1300000000000001,2230.4,False
F2,1.1400000000000001,2290.0,False
F2,1.1500000000000001,2290.0,False
F2,1.16,2290.0,False
F2,1.17,2290.0,False
F2,1.18,2290.0,False
F2,1.19,2290.0,False
F2,1.2,2290.0,False
F2,1.21,2290.0,False
F2,1.22,2290.0,False
F2,1.23,2290.0,False
F2,1.24,2290.0,False
F2,1.25,2290.0,False
F2,1.26,2290.0,False
F2,1.27,2290.0,False
F2,1.28,2290.0,False
F2,1.29,2290.0,False
F2,1.3,2290.0,False
F2,1.31,2290.0,False
F2,1.32,2290.0,False
F2,1.33,2290.0,False
F2,1.34,2290.0,False
F2,1.35,2290.0,False
F2,1.36,2290.0,False
F2,1.37,2290.0,False
F2,1.3800000000000001,2290.0,False
F2,1.3900000000000001,2290.0,False
F2,1.4000000000000001,2290.0,False
F2,1.41,2290.0,False
F2,1.42,2290.0,False
F2,1.43,2290.0,False
F2,1.44,2290.0,False
F2,1.45,2290.0,False
F2,1.46,2290.0,False
F2,1.47,2290.0,False
F2,1.48,2290.0,False
F2,1.49,2290.0,False
F2,1.5,2290.0,False
F2,1.51,2290.0,False
F2,1.52,2290.0,False
F2,1.53,2290.0,False
F2,1.54,2290.0,False
F2,1.55,2290.0,False
F2,1.56,2290.0,False
F2,1.57,2290.0,False
F2,1.58,2290.0,False
F2,1.59,2290.0,False
F2,1.6,2290.0,False
F2,1.61,2242.0,False
F2,1.62,2146.0,False
F2,1.6300000000000001,2002.0,False
F2,1.6400000000000001,1810.0,False
F2,1.6500000000000001,1570.0,False
F2,1.6600000000000001,1378.0,False
F2,1.67,1234.0,False
F2,1.68,1138.0,False
F2,1.69,1090.0,False
F2,1.7,1090.0,False
F2,1.71,1090.0,False
F2,1.72,1090.0,False
F2,1.73,1090.0,False
F2,1.74,1090.0,False
F2,1.75,1090.0,False
F2,1.76,1090.0,False
F2,1.77,1090.0,False
F2,1.78,1090.0,False
F2,1.79,1138.0,False
F2,1.8,1234.0,False
F2,1.81,1378.0,False
F2,1.82,1570.0,False
F2,1.83,1810.0,False
F2,1.84,2002.0,False
F2,1.85,2146.0,False
F2,1.86,2242.0,False
F2,1.87,2290.0,False
F2,1.8800000000000001,2290.0,False
F2,1.8900000000000001,2290.0,False
F2,1.9000000000000001,2290.0,False
F2,1.9100000000000001,2290.0,False
F2,1.92,2290.0,False
F2,1.93,2290.0,False
F2,1.94,2290.0,False
F2,1.95,2290.0,False
F2,1.96,2290.0,False
F2,1.97,2290.0,False
F2,1.98,2290.0,False
F2,1.99,2290.0,False
F2,2.0,2290.0,False
F3,0.0,2250.0,False
F3,0.01,2250.0,False
F3,0.02,2250.0,False
F3,0.03,2250.0,False
F3,0.04,2250.0,False
F3,0.05,2250.0,False
F3,0.06,2250.0,False
F3,0.07,2250.0,False
F3,0.08,2250.0,False
F3,0.09,2250.0,False
F3,0.1,2250.0,False
F3,0.11,2250.0,False
F3,0.12,2250.0,False
F3,0.13,2250.0,False
F3,0.14,2280.4,False
F3,0.15,2341.2,False
F3,0.16,2432.4,False
F3,0.17,2554.0,False
F3,0.18,2706.0,False
F3,0.19,2827.6,False
F3,0.2,2918.8,False
F3,0.21,2979.6,False
F3,0.22,3010.0,False
F3,0.23,3010.0,False
F3,0.24,3010.0,False
F3,0.25,3010.0,False
F3,0.26,3010.0,False
F3,0.27,3010.0,False
F3,0.28,3010.0,False
F3,0.29,3010.0,False
F3,0.3,3010.0,False
F3,0.31,3010.0,False
F3,0.32,3010.0,False
F3,0.33,3010.0,False
F3,0.34,3010.0,False
F3,0.35000000000000003,3010.0,False
F3,0.36,3010.0,False
F3,0.37,3010.0,False
F3,0.38,3010.0,False
F3,0.39,3010.0,False
F3,0.4,3010.0,False
F3,0.41000000000000003,3010.0,False
F3,0.42,3010.0,False
F3,0.43,3010.0,False
F3,0.44,3010.0,False
F3,0.45,3010.0,False
F3,0.46,3010.0,False
F3,0.47000000000000003,3010.0,False
F3,0.48,3010.0,False
F3,0.49,3010.0,False
F3,0.5,3010.0,False
F3,0.51,2987.2,False
F3,0.52,2941.6,False
F3,0.53,2873.2,False
F3,0.54,2782.0,False
F3,0.55,2668.0,False
F3,0.56,2576.8,False
F3,0.5700000000000001,2508.4,False
F3,0.58,2462.8,False
F3,0.59,2440.0,False
F3,0.6,2440.0,False
F3,0.61,2440.0,False
F3,0.62,2440.0,False
F3,0.63,2440.0,False
F3,0.64,2440.0,False
F3,0.65,2440.0,False
F3,0.66,2440.0,False
F3,0.67,2440.0,False
F3,0.68,2440.0,False
F3,0.6900000000000001,2462.8,False
F3,0.7000000000000001,2508.4,False
F3,0.71,2576.8,False
F3,0.72,2668.0,False
F3,0.73,2782.0,False
F3,0.74,2873.2,False
F3,0.75,2941.6,False
F3,0.76,2987.2,False
F3,0.77,3010.0,False
F3,0.78,3010.0,False
F3,0.79,3010.0,False
F3,0.8,3010.0,False
F3,0.81,3010.0,False
F3,0.8200000000000001,3010.0,False
F3,0.8300000000000001,3010.0,False
F3,0.84,3010.0,False
F3,0.85,3010.0,False
F3,0.86,3010.0,False
F3,0.87,2979.6,False
F3,0.88,2918.8,False
F3,0.89,2827.6,False
F3,0.9,2706.0,False
F3,0.91,2554.0,False
F3,0.92,2432.4,False
F3,0.93,2341.2,False
F3,0.9400000000000001,2280.4,False
F3,0.9500000000000001,2250.0,False
F3,0.96,2250.0,False
F3,0.97,2250.0,False
F3,0.98,2250.0,False
F3,0.99,2250.0,False
F3,1.0,2250.0,False
F3,1.01,2250.0,False
F3,1.02,2250.0,False
F3,1.03,2250.0,False
F3,1.04,2250.0,False
F3,1.05,2250.0,False
F3,1.06,2280.4,False
F3,1.07,2341.2,False
F3,1.08,2432.4,False
F3,1.09,2554.0,False
F3,1.1,2706.0,False
F3,1.11,2827.6,False
F3,1.12,2918.8,False
F3,1.1300000000000001,2979.6,False
F3,1.1400000000000001,3010.0,False
F3,1.1500000000000001,3010.0,False
F3,1.16,3010.0,False
F3,1.17,3010.0,False
F3,1.18,3010.0,False
F3,1.19,3010.0,False
F3,1.2,3010.0,False
F3,1.21,3010.0,False
F3,1.22,3010.0,False
F3,1.23,3010.0,False
F3,1.24,3010.0,False
F3,1.25,3010.0,False
F3,1.26,3010.0,False
F3,1.27,3010.0,False
F3,1.28,3010.0,False
F3,1.29,3010.0,False
F3,1.3,3010.0,False
F3,1.31,3010.0,False
F3,1.32,3010.0,False
F3,1.33,3010.0,False
F3,1.34,3010.0,False
F3,1.35,3010.0,False
F3,1.36,3010.0,False
F3,1.37,3010.0,False
F3,1.3800000000000001,3010.0,False
F3,1.3900000000000001,3010.0,False
F3,1.4000000000000001,3010.0,False
F3,1.41,3010.0,False
F3,1.42,3010.0,False
F3,1.43,3010.0,False
F3,1.44,3010.0,False
F3,1.45,3010.0,False
F3,1.46,3010.0,False
F3,1.47,3010.0,False
F3,1.48,3010.0,False
F3,1.49,3010.0,False
F3,1.5,3010.0,False
F3,1.51,3010.0,False
F3,1.52,3010.0,False
F3,1.53,3010.0,False
F3,1.54,3010.0,False
F3,1.55,3010.0,False
F3,1.56,3010.0,False
F3,1.57,3010.0,False
F3,1.58,3010.0,False
F3,1.59,3010.0,False
F3,1.6,3010.0,False
F3,1.61,2987.2,False
F3,1.62,2941.6,False
F3,1.6300000000000001,2873.2,False
F3,1.6400000000000001,2782.0,False
F3,1.6500000000000001,2668.0,False
F3,1.6600000000000001,2576.8,False
F3,1.67,2508.4,False
F3,1.68,2462.8,False
F3,1.69,2440.0,False
F3,1.7,2440.0,False
F3,1.71,2440.0,False
F3,1.72,2440.0,False
F3,1.73,2440.0,False
F3,1.74,2440.0,False
F3,1.75,2440.0,False
F3,1.76,2440.0,False
F3,1.77,2440.0,False
F3,1.78,2440.0,False
F3,1.79,2462.8,False
F3,1.8,2508.4,False
F3,1.81,2576.8,False
F3,1.82,2668.0,False
F3,1.83,2782.0,False
F3,1.84,2873.2,False
F3,1.85,2941.6,False
F3,1.86,2987.2,False
F3,1.87,3010.0,False
F3,1.8800000000000001,3010.0,False
F3,1.8900000000000001,3010.0,False
F3,1.9000000000000001,3010.0,False
F3,1.9100000000000001,3010.0,False
F3,1.92,3010.0,False
F3,1.93,3010.0,False
F3,1.94,3010.0,False
F3,1.95,3010.0,False
F3,1.96,3010.0,False
F3,1.97,3010.0,False
F3,1.98,3010.0,False
F3,1.99,3010.0,False
F3,2.0,3010.0,False
F4,0.0,3500.0,False
F4,2.0,3500.0,False
F5,0.0,5500.0,False
F5,2.0,5500.0,False
A1,0.0,50.0,False
A1,2.0,50.0,False
A2,0.0,30.0,False
A2,2.0,30.0,False
A3,0.0,20.0,False
A3,2.0,20.0,False
A4,0.0,10.0,False
A4,2.0,10.0,False
A5,0.0,0.0,False
A5,2.0,0.0,False
B1,0.0,50.0,False
B1,2.0,50.0,False
B2,0.0,100.0,False
B2,2.0,100.0,False
B3,0.0,100.0,False
B3,2.0,100.0,False
B4,0.0,200.0,False
B4,2.0,200.0,False
B5,0.0,250.0,False
B5,2.0,250.0,False
