source,source_locator,page,section,display_item,symbol_id,insertion_sequence,codepoints,mode,tooltip,test_id,representation
ipa-chart-2026,Consonants (pulmonic) / plosive / bilabial,1,pulmonic,p,ipa-pulmonic-001,p,U+0070,literal,清双唇塞音,click-ipa-pulmonic-001,
ipa-chart-2026,Consonants (pulmonic) / plosive / bilabial,1,pulmonic,b,ipa-pulmonic-002,b,U+0062,literal,浊双唇塞音,click-ipa-pulmonic-002,
ipa-chart-2026,Consonants (pulmonic) / plosive / alveolar,1,pulmonic,t,ipa-pulmonic-003,t,U+0074,literal,清齿龈塞音,click-ipa-pulmonic-003,
ipa-chart-2026,Consonants (pulmonic) / plosive / alveolar,1,pulmonic,d,ipa-pulmonic-004,d,U+0064,literal,浊齿龈塞音,click-ipa-pulmonic-004,
ipa-chart-2026,Consonants (pulmonic) / plosive / retroflex,1,pulmonic,ʈ,ipa-pulmonic-005,ʈ,U+0288,literal,清卷舌塞音,click-ipa-pulmonic-005,
ipa-chart-2026,Consonants (pulmonic) / plosive / retroflex,1,pulmonic,ɖ,ipa-pulmonic-006,ɖ,U+0256,literal,浊卷舌塞音,click-ipa-pulmonic-006,
ipa-chart-2026,Consonants (pulmonic) / plosive / palatal,1,pulmonic,c,ipa-pulmonic-007,c,U+0063,literal,清硬腭塞音,click-ipa-pulmonic-007,
ipa-chart-2026,Consonants (pulmonic) / plosive / palatal,1,pulmonic,ɟ,ipa-pulmonic-008,ɟ,U+025F,literal,浊硬腭塞音,click-ipa-pulmonic-008,
ipa-chart-2026,Consonants (pulmonic) / plosive / velar,1,pulmonic,k,ipa-pulmonic-009,k,U+006B,literal,清软腭塞音,click-ipa-pulmonic-009,
ipa-chart-2026,Consonants (pulmonic) / plosive / velar,1,pulmonic,ɡ,ipa-pulmonic-010,ɡ,U+0261,literal,浊软腭塞音,click-ipa-pulmonic-010,
ipa-chart-2026,Consonants (pulmonic) / plosive / uvular,1,pulmonic,q,ipa-pulmonic-011,q,U+0071,literal,清小舌塞音,click-ipa-pulmonic-011,
ipa-chart-2026,Consonants (pulmonic) / plosive / uvular,1,pulmonic,ɢ,ipa-pulmonic-012,ɢ,U+0262,literal,浊小舌塞音,click-ipa-pulmonic-012,
ipa-chart-2026,Consonants (pulmonic) / plosive / glottal,1,pulmonic,ʔ,ipa-pulmonic-013,ʔ,U+0294,literal,声门塞音,click-ipa-pulmonic-013,
ipa-chart-2026,Consonants (pulmonic) / nasal / bilabial,1,pulmonic,m,ipa-pulmonic-014,m,U+006D,literal,浊双唇鼻音,click-ipa-pulmonic-014,
ipa-chart-2026,Consonants (pulmonic) / nasal / labiodental,1,pulmonic,ɱ,ipa-pulmonic-015,ɱ,U+0271,literal,浊唇齿鼻音,click-ipa-pulmonic-015,
ipa-chart-2026,Consonants (pulmonic) / nasal / alveolar,1,pulmonic,n,ipa-pulmonic-016,n,U+006E,literal,浊齿龈鼻音,click-ipa-pulmonic-016,
ipa-chart-2026,Consonants (pulmonic) / nasal / retroflex,1,pulmonic,ɳ,ipa-pulmonic-017,ɳ,U+0273,literal,浊卷舌鼻音,click-ipa-pulmonic-017,
ipa-chart-2026,Consonants (pulmonic) / nasal / palatal,1,pulmonic,ɲ,ipa-pulmonic-018,ɲ,U+0272,literal,浊硬腭鼻音,click-ipa-pulmonic-018,
ipa-chart-2026,Consonants (pulmonic) / nasal / velar,1,pulmonic,ŋ,ipa-pulmonic-019,ŋ,U+014B,literal,浊软腭鼻音,click-ipa-pulmonic-019,
ipa-chart-2026,Consonants (pulmonic) / nasal / uvular,1,pulmonic,ɴ,ipa-pulmonic-020,ɴ,U+0274,literal,浊小舌鼻音,click-ipa-pulmonic-020,
ipa-chart-2026,Consonants (pulmonic) / trill / bilabial,1,pulmonic,ʙ,ipa-pulmonic-021,ʙ,U+0299,literal,浊双唇颤音,click-ipa-pulmonic-021,
ipa-chart-2026,Consonants (pulmonic) / trill / alveolar,1,pulmonic,r,ipa-pulmonic-022,r,U+0072,literal,浊齿龈颤音,click-ipa-pulmonic-022,
ipa-chart-2026,Consonants (pulmonic) / trill / uvular,1,pulmonic,ʀ,ipa-pulmonic-023,ʀ,U+0280,literal,浊小舌颤音,click-ipa-pulmonic-023,
ipa-chart-2026,Consonants (pulmonic) / tap or flap / labiodental,1,pulmonic,ⱱ,ipa-pulmonic-024,ⱱ,U+2C71,literal,浊唇齿闪音／拍音,click-ipa-pulmonic-024,
ipa-chart-2026,Consonants (pulmonic) / tap or flap / alveolar,1,pulmonic,ɾ,ipa-pulmonic-025,ɾ,U+027E,literal,浊齿龈闪音／拍音,click-ipa-pulmonic-025,
ipa-chart-2026,Consonants (pulmonic) / tap or flap / retroflex,1,pulmonic,ɽ,ipa-pulmonic-026,ɽ,U+027D,literal,浊卷舌闪音／拍音,click-ipa-pulmonic-026,
ipa-chart-2026,Consonants (pulmonic) / fricative / bilabial,1,pulmonic,ɸ,ipa-pulmonic-027,ɸ,U+0278,literal,清双唇擦音,click-ipa-pulmonic-027,
ipa-chart-2026,Consonants (pulmonic) / fricative / bilabial,1,pulmonic,β,ipa-pulmonic-028,β,U+03B2,literal,浊双唇擦音,click-ipa-pulmonic-028,
ipa-chart-2026,Consonants (pulmonic) / fricative / labiodental,1,pulmonic,f,ipa-pulmonic-029,f,U+0066,literal,清唇齿擦音,click-ipa-pulmonic-029,
ipa-chart-2026,Consonants (pulmonic) / fricative / labiodental,1,pulmonic,v,ipa-pulmonic-030,v,U+0076,literal,浊唇齿擦音,click-ipa-pulmonic-030,
ipa-chart-2026,Consonants (pulmonic) / fricative / dental,1,pulmonic,θ,ipa-pulmonic-031,θ,U+03B8,literal,清齿擦音,click-ipa-pulmonic-031,
ipa-chart-2026,Consonants (pulmonic) / fricative / dental,1,pulmonic,ð,ipa-pulmonic-032,ð,U+00F0,literal,浊齿擦音,click-ipa-pulmonic-032,
ipa-chart-2026,Consonants (pulmonic) / fricative / alveolar,1,pulmonic,s,ipa-pulmonic-033,s,U+0073,literal,清齿龈擦音,click-ipa-pulmonic-033,
ipa-chart-2026,Consonants (pulmonic) / fricative / alveolar,1,pulmonic,z,ipa-pulmonic-034,z,U+007A,literal,浊齿龈擦音,click-ipa-pulmonic-034,
ipa-chart-2026,Consonants (pulmonic) / fricative / postalveolar,1,pulmonic,ʃ,ipa-pulmonic-035,ʃ,U+0283,literal,清龈后擦音,click-ipa-pulmonic-035,
ipa-chart-2026,Consonants (pulmonic) / fricative / postalveolar,1,pulmonic,ʒ,ipa-pulmonic-036,ʒ,U+0292,literal,浊龈后擦音,click-ipa-pulmonic-036,
ipa-chart-2026,Consonants (pulmonic) / fricative / retroflex,1,pulmonic,ʂ,ipa-pulmonic-037,ʂ,U+0282,literal,清卷舌擦音,click-ipa-pulmonic-037,
ipa-chart-2026,Consonants (pulmonic) / fricative / retroflex,1,pulmonic,ʐ,ipa-pulmonic-038,ʐ,U+0290,literal,浊卷舌擦音,click-ipa-pulmonic-038,
ipa-chart-2026,Consonants (pulmonic) / fricative / palatal,1,pulmonic,ç,ipa-pulmonic-039,ç,U+00E7,literal,清硬腭擦音,click-ipa-pulmonic-039,
ipa-chart-2026,Consonants (pulmonic) / fricative / palatal,1,pulmonic,ʝ,ipa-pulmonic-040,ʝ,U+029D,literal,浊硬腭擦音,click-ipa-pulmonic-040,
ipa-chart-2026,Consonants (pulmonic) / fricative / velar,1,pulmonic,x,ipa-pulmonic-041,x,U+0078,literal,清软腭擦音,click-ipa-pulmonic-041,
ipa-chart-2026,Consonants (pulmonic) / fricative / velar,1,pulmonic,ɣ,ipa-pulmonic-042,ɣ,U+0263,literal,浊软腭擦音,click-ipa-pulmonic-042,
ipa-chart-2026,Consonants (pulmonic) / fricative / uvular,1,pulmonic,χ,ipa-pulmonic-043,χ,U+03C7,literal,清小舌擦音,click-ipa-pulmonic-043,
ipa-chart-2026,Consonants (pulmonic) / fricative / uvular,1,pulmonic,ʁ,ipa-pulmonic-044,ʁ,U+0281,literal,浊小舌擦音,click-ipa-pulmonic-044,
ipa-chart-2026,Consonants (pulmonic) / fricative / pharyngeal,1,pulmonic,ħ,ipa-pulmonic-045,ħ,U+0127,literal,清咽擦音,click-ipa-pulmonic-045,
ipa-chart-2026,Consonants (pulmonic) / fricative / pharyngeal,1,pulmonic,ʕ,ipa-pulmonic-046,ʕ,U+0295,literal,浊咽擦音,click-ipa-pulmonic-046,
ipa-chart-2026,Consonants (pulmonic) / fricative / glottal,1,pulmonic,h,ipa-pulmonic-047,h,U+0068,literal,清声门擦音,click-ipa-pulmonic-047,
ipa-chart-2026,Consonants (pulmonic) / fricative / glottal,1,pulmonic,ɦ,ipa-pulmonic-048,ɦ,U+0266,literal,浊声门擦音,click-ipa-pulmonic-048,
ipa-chart-2026,Consonants (pulmonic) / lateral fricative / alveolar,1,pulmonic,ɬ,ipa-pulmonic-049,ɬ,U+026C,literal,清齿龈边擦音,click-ipa-pulmonic-049,
ipa-chart-2026,Consonants (pulmonic) / lateral fricative / alveolar,1,pulmonic,ɮ,ipa-pulmonic-050,ɮ,U+026E,literal,浊齿龈边擦音,click-ipa-pulmonic-050,
ipa-chart-2026,Consonants (pulmonic) / approximant / labiodental,1,pulmonic,ʋ,ipa-pulmonic-051,ʋ,U+028B,literal,浊唇齿近音,click-ipa-pulmonic-051,
ipa-chart-2026,Consonants (pulmonic) / approximant / alveolar,1,pulmonic,ɹ,ipa-pulmonic-052,ɹ,U+0279,literal,浊齿龈近音,click-ipa-pulmonic-052,
ipa-chart-2026,Consonants (pulmonic) / approximant / retroflex,1,pulmonic,ɻ,ipa-pulmonic-053,ɻ,U+027B,literal,浊卷舌近音,click-ipa-pulmonic-053,
ipa-chart-2026,Consonants (pulmonic) / approximant / palatal,1,pulmonic,j,ipa-pulmonic-054,j,U+006A,literal,浊硬腭近音,click-ipa-pulmonic-054,
ipa-chart-2026,Consonants (pulmonic) / approximant / velar,1,pulmonic,ɰ,ipa-pulmonic-055,ɰ,U+0270,literal,浊软腭近音,click-ipa-pulmonic-055,
ipa-chart-2026,Consonants (pulmonic) / lateral approximant / alveolar,1,pulmonic,l,ipa-pulmonic-056,l,U+006C,literal,浊齿龈边近音,click-ipa-pulmonic-056,
ipa-chart-2026,Consonants (pulmonic) / lateral approximant / retroflex,1,pulmonic,ɭ,ipa-pulmonic-057,ɭ,U+026D,literal,浊卷舌边近音,click-ipa-pulmonic-057,
ipa-chart-2026,Consonants (pulmonic) / lateral approximant / palatal,1,pulmonic,ʎ,ipa-pulmonic-058,ʎ,U+028E,literal,浊硬腭边近音,click-ipa-pulmonic-058,
ipa-chart-2026,Consonants (pulmonic) / lateral approximant / velar,1,pulmonic,ʟ,ipa-pulmonic-059,ʟ,U+029F,literal,浊软腭边近音,click-ipa-pulmonic-059,
ipa-chart-2026,非肺部气流辅音 / 双唇 click,1,nonpulmonic,ʘ,ipa-nonpulmonic-001,ʘ,U+0298,literal,双唇吸气音,click-ipa-nonpulmonic-001,
ipa-chart-2026,非肺部气流辅音 / voiced 双唇 implosive,1,nonpulmonic,ɓ,ipa-nonpulmonic-002,ɓ,U+0253,literal,双唇浊内爆音,click-ipa-nonpulmonic-002,
ipa-chart-2026,非肺部气流辅音 / ejective,1,nonpulmonic,ʼ,ipa-nonpulmonic-003,ʼ,U+02BC,literal,挤喉记号,click-ipa-nonpulmonic-003,
ipa-chart-2026,非肺部气流辅音 / 齿 click,1,nonpulmonic,ǀ,ipa-nonpulmonic-004,ǀ,U+01C0,literal,齿吸气音,click-ipa-nonpulmonic-004,
ipa-chart-2026,非肺部气流辅音 / voiced 齿／齿龈 implosive,1,nonpulmonic,ɗ,ipa-nonpulmonic-005,ɗ,U+0257,literal,齿／齿龈浊内爆音,click-ipa-nonpulmonic-005,
ipa-chart-2026,非肺部气流辅音 / ejective example,1,nonpulmonic,pʼ,ipa-nonpulmonic-006,pʼ,U+0070 U+02BC,literal,双唇挤喉塞音,click-ipa-nonpulmonic-006,
ipa-chart-2026,非肺部气流辅音 / 龈后 click,1,nonpulmonic,ǃ,ipa-nonpulmonic-007,ǃ,U+01C3,literal,龈后吸气音,click-ipa-nonpulmonic-007,
ipa-chart-2026,非肺部气流辅音 / voiced 硬腭 implosive,1,nonpulmonic,ʄ,ipa-nonpulmonic-008,ʄ,U+0284,literal,硬腭浊内爆音,click-ipa-nonpulmonic-008,
ipa-chart-2026,非肺部气流辅音 / ejective example,1,nonpulmonic,tʼ,ipa-nonpulmonic-009,tʼ,U+0074 U+02BC,literal,齿／齿龈挤喉塞音,click-ipa-nonpulmonic-009,
ipa-chart-2026,非肺部气流辅音 / 腭龈 click,1,nonpulmonic,ǂ,ipa-nonpulmonic-010,ǂ,U+01C2,literal,腭龈吸气音,click-ipa-nonpulmonic-010,
ipa-chart-2026,非肺部气流辅音 / voiced 软腭 implosive,1,nonpulmonic,ɠ,ipa-nonpulmonic-011,ɠ,U+0260,literal,软腭浊内爆音,click-ipa-nonpulmonic-011,
ipa-chart-2026,非肺部气流辅音 / ejective example,1,nonpulmonic,kʼ,ipa-nonpulmonic-012,kʼ,U+006B U+02BC,literal,软腭挤喉塞音,click-ipa-nonpulmonic-012,
ipa-chart-2026,非肺部气流辅音 / 齿龈边 click,1,nonpulmonic,ǁ,ipa-nonpulmonic-013,ǁ,U+01C1,literal,齿龈边吸气音,click-ipa-nonpulmonic-013,
ipa-chart-2026,非肺部气流辅音 / voiced 小舌 implosive,1,nonpulmonic,ʛ,ipa-nonpulmonic-014,ʛ,U+029B,literal,小舌浊内爆音,click-ipa-nonpulmonic-014,
ipa-chart-2026,非肺部气流辅音 / ejective example,1,nonpulmonic,sʼ,ipa-nonpulmonic-015,sʼ,U+0073 U+02BC,literal,齿龈挤喉擦音,click-ipa-nonpulmonic-015,
ipa-chart-2026,元音 / close front unrounded vowel,1,vowels,i,ipa-vowels-001,i,U+0069,literal,高前不圆唇元音,click-ipa-vowels-001,
ipa-chart-2026,元音 / close front rounded vowel,1,vowels,y,ipa-vowels-002,y,U+0079,literal,高前圆唇元音,click-ipa-vowels-002,
ipa-chart-2026,元音 / close central unrounded vowel,1,vowels,ɨ,ipa-vowels-003,ɨ,U+0268,literal,高央不圆唇元音,click-ipa-vowels-003,
ipa-chart-2026,元音 / close central rounded vowel,1,vowels,ʉ,ipa-vowels-004,ʉ,U+0289,literal,高央圆唇元音,click-ipa-vowels-004,
ipa-chart-2026,元音 / close back unrounded vowel,1,vowels,ɯ,ipa-vowels-005,ɯ,U+026F,literal,高后不圆唇元音,click-ipa-vowels-005,
ipa-chart-2026,元音 / close back rounded vowel,1,vowels,u,ipa-vowels-006,u,U+0075,literal,高后圆唇元音,click-ipa-vowels-006,
ipa-chart-2026,元音 / near-close near-front unrounded vowel,1,vowels,ɪ,ipa-vowels-007,ɪ,U+026A,literal,次高次前不圆唇元音,click-ipa-vowels-007,
ipa-chart-2026,元音 / near-close near-front rounded vowel,1,vowels,ʏ,ipa-vowels-008,ʏ,U+028F,literal,次高次前圆唇元音,click-ipa-vowels-008,
ipa-chart-2026,元音 / near-close near-back rounded vowel,1,vowels,ʊ,ipa-vowels-009,ʊ,U+028A,literal,次高次后圆唇元音,click-ipa-vowels-009,
ipa-chart-2026,元音 / close-mid front unrounded vowel,1,vowels,e,ipa-vowels-010,e,U+0065,literal,半高前不圆唇元音,click-ipa-vowels-010,
ipa-chart-2026,元音 / close-mid front rounded vowel,1,vowels,ø,ipa-vowels-011,ø,U+00F8,literal,半高前圆唇元音,click-ipa-vowels-011,
ipa-chart-2026,元音 / close-mid central unrounded vowel,1,vowels,ɘ,ipa-vowels-012,ɘ,U+0258,literal,半高央不圆唇元音,click-ipa-vowels-012,
ipa-chart-2026,元音 / close-mid central rounded vowel,1,vowels,ɵ,ipa-vowels-013,ɵ,U+0275,literal,半高央圆唇元音,click-ipa-vowels-013,
ipa-chart-2026,元音 / close-mid back unrounded vowel,1,vowels,ɤ,ipa-vowels-014,ɤ,U+0264,literal,半高后不圆唇元音,click-ipa-vowels-014,
ipa-chart-2026,元音 / close-mid back rounded vowel,1,vowels,o,ipa-vowels-015,o,U+006F,literal,半高后圆唇元音,click-ipa-vowels-015,
ipa-chart-2026,元音 / mid central vowel,1,vowels,ə,ipa-vowels-016,ə,U+0259,literal,中央不圆唇元音,click-ipa-vowels-016,
ipa-chart-2026,元音 / open-mid front unrounded vowel,1,vowels,ɛ,ipa-vowels-017,ɛ,U+025B,literal,半低前不圆唇元音,click-ipa-vowels-017,
ipa-chart-2026,元音 / open-mid front rounded vowel,1,vowels,œ,ipa-vowels-018,œ,U+0153,literal,半低前圆唇元音,click-ipa-vowels-018,
ipa-chart-2026,元音 / open-mid central unrounded vowel,1,vowels,ɜ,ipa-vowels-019,ɜ,U+025C,literal,半低央不圆唇元音,click-ipa-vowels-019,
ipa-chart-2026,元音 / open-mid central rounded vowel,1,vowels,ɞ,ipa-vowels-020,ɞ,U+025E,literal,半低央圆唇元音,click-ipa-vowels-020,
ipa-chart-2026,元音 / open-mid back unrounded vowel,1,vowels,ʌ,ipa-vowels-021,ʌ,U+028C,literal,半低后不圆唇元音,click-ipa-vowels-021,
ipa-chart-2026,元音 / open-mid back rounded vowel,1,vowels,ɔ,ipa-vowels-022,ɔ,U+0254,literal,半低后圆唇元音,click-ipa-vowels-022,
ipa-chart-2026,元音 / near-open front unrounded vowel,1,vowels,æ,ipa-vowels-023,æ,U+00E6,literal,次低前不圆唇元音,click-ipa-vowels-023,
ipa-chart-2026,元音 / near-open central vowel,1,vowels,ɐ,ipa-vowels-024,ɐ,U+0250,literal,次低央不圆唇元音,click-ipa-vowels-024,
ipa-chart-2026,元音 / open front unrounded vowel,1,vowels,a,ipa-vowels-025,a,U+0061,literal,低前不圆唇元音,click-ipa-vowels-025,
ipa-chart-2026,元音 / open front rounded vowel,1,vowels,ɶ,ipa-vowels-026,ɶ,U+0276,literal,低前圆唇元音,click-ipa-vowels-026,
ipa-chart-2026,元音 / open back unrounded vowel,1,vowels,ɑ,ipa-vowels-027,ɑ,U+0251,literal,低后不圆唇元音,click-ipa-vowels-027,
ipa-chart-2026,元音 / open back rounded vowel,1,vowels,ɒ,ipa-vowels-028,ɒ,U+0252,literal,低后圆唇元音,click-ipa-vowels-028,
ipa-chart-2026,其他符号与连音线 / voiceless labial-velar fricative,1,other,ʍ,ipa-other-001,ʍ,U+028D,literal,清唇软腭擦音,click-ipa-other-001,
ipa-chart-2026,其他符号与连音线 / voiced labial-velar approximant,1,other,w,ipa-other-002,w,U+0077,literal,浊唇软腭近音,click-ipa-other-002,
ipa-chart-2026,其他符号与连音线 / voiced labial-palatal approximant,1,other,ɥ,ipa-other-003,ɥ,U+0265,literal,浊唇硬腭近音,click-ipa-other-003,
ipa-chart-2026,其他符号与连音线 / voiceless epiglottal fricative,1,other,ʜ,ipa-other-004,ʜ,U+029C,literal,清会厌擦音,click-ipa-other-004,
ipa-chart-2026,其他符号与连音线 / voiced epiglottal fricative,1,other,ʢ,ipa-other-005,ʢ,U+02A2,literal,浊会厌擦音,click-ipa-other-005,
ipa-chart-2026,其他符号与连音线 / epiglottal plosive,1,other,ʡ,ipa-other-006,ʡ,U+02A1,literal,会厌塞音,click-ipa-other-006,
ipa-chart-2026,其他符号与连音线 / voiceless alveolo-palatal fricative,1,other,ɕ,ipa-other-007,ɕ,U+0255,literal,清龈腭擦音,click-ipa-other-007,
ipa-chart-2026,其他符号与连音线 / voiced alveolo-palatal fricative,1,other,ʑ,ipa-other-008,ʑ,U+0291,literal,浊龈腭擦音,click-ipa-other-008,
ipa-chart-2026,其他符号与连音线 / voiced alveolar lateral flap,1,other,ɺ,ipa-other-009,ɺ,U+027A,literal,浊齿龈边闪音,click-ipa-other-009,
ipa-chart-2026,其他符号与连音线 / simultaneous ʃ and x,1,other,ɧ,ipa-other-010,ɧ,U+0267,literal,同时的 ʃ 与 x,click-ipa-other-010,
ipa-chart-2026,其他符号与连音线 / tie bar,1,other,k͡p,ipa-other-011,͡,U+0361,bridge,上连音线,click-ipa-other-011,
ipa-chart-2026,其他符号与连音线 / tie bar example,1,other,k͡p,ipa-other-012,k͡p,U+006B U+0361 U+0070,literal,上连音线（示例）,click-ipa-other-012,
ipa-chart-2026,其他符号与连音线 / tie bar,1,other,t͜s,ipa-other-013,͜,U+035C,bridge,下连音线,click-ipa-other-013,
ipa-chart-2026,其他符号与连音线 / tie bar example,1,other,t͜s,ipa-other-014,t͜s,U+0074 U+035C U+0073,literal,下连音线（示例）,click-ipa-other-014,
ipa-chart-2026,附加符号 / voiceless,1,diacritics,◌̥,ipa-diacritics-001,̥,U+0325,combining,清化,click-ipa-diacritics-001,
ipa-chart-2026,附加符号 / voiceless example,1,diacritics,n̥,ipa-diacritics-002,n̥,U+006E U+0325,literal,清化（示例）,click-ipa-diacritics-002,
ipa-chart-2026,附加符号 / voiceless example,1,diacritics,d̥,ipa-diacritics-003,d̥,U+0064 U+0325,literal,清化（示例）,click-ipa-diacritics-003,
ipa-chart-2026,附加符号 / voiced,1,diacritics,◌̬,ipa-diacritics-004,̬,U+032C,combining,浊化,click-ipa-diacritics-004,
ipa-chart-2026,附加符号 / voiced example,1,diacritics,s̬,ipa-diacritics-005,s̬,U+0073 U+032C,literal,浊化（示例）,click-ipa-diacritics-005,
ipa-chart-2026,附加符号 / voiced example,1,diacritics,t̬,ipa-diacritics-006,t̬,U+0074 U+032C,literal,浊化（示例）,click-ipa-diacritics-006,
ipa-chart-2026,附加符号 / aspirated,1,diacritics,◌ʰ,ipa-diacritics-007,ʰ,U+02B0,literal,送气,click-ipa-diacritics-007,
ipa-chart-2026,附加符号 / aspirated example,1,diacritics,tʰ,ipa-diacritics-008,tʰ,U+0074 U+02B0,literal,送气（示例）,click-ipa-diacritics-008,
ipa-chart-2026,附加符号 / aspirated example,1,diacritics,dʰ,ipa-diacritics-009,dʰ,U+0064 U+02B0,literal,送气（示例）,click-ipa-diacritics-009,
ipa-chart-2026,附加符号 / more rounded,1,diacritics,◌̹,ipa-diacritics-010,̹,U+0339,combining,较圆唇,click-ipa-diacritics-010,
ipa-chart-2026,附加符号 / more rounded example,1,diacritics,ɔ̹,ipa-diacritics-011,ɔ̹,U+0254 U+0339,literal,较圆唇（示例）,click-ipa-diacritics-011,
ipa-chart-2026,附加符号 / less rounded,1,diacritics,◌̜,ipa-diacritics-012,̜,U+031C,combining,较不圆唇,click-ipa-diacritics-012,
ipa-chart-2026,附加符号 / less rounded example,1,diacritics,ɔ̜,ipa-diacritics-013,ɔ̜,U+0254 U+031C,literal,较不圆唇（示例）,click-ipa-diacritics-013,
ipa-chart-2026,附加符号 / advanced,1,diacritics,◌̟,ipa-diacritics-014,̟,U+031F,combining,前移,click-ipa-diacritics-014,
ipa-chart-2026,附加符号 / advanced example,1,diacritics,u̟,ipa-diacritics-015,u̟,U+0075 U+031F,literal,前移（示例）,click-ipa-diacritics-015,
ipa-chart-2026,附加符号 / retracted,1,diacritics,◌̠,ipa-diacritics-016,̠,U+0320,combining,后移,click-ipa-diacritics-016,
ipa-chart-2026,附加符号 / retracted example,1,diacritics,e̠,ipa-diacritics-017,e̠,U+0065 U+0320,literal,后移（示例）,click-ipa-diacritics-017,
ipa-chart-2026,附加符号 / centralized,1,diacritics,◌̈,ipa-diacritics-018,̈,U+0308,combining,央化,click-ipa-diacritics-018,
ipa-chart-2026,附加符号 / centralized example,1,diacritics,ë,ipa-diacritics-019,ë,U+0065 U+0308,literal,央化（示例）,click-ipa-diacritics-019,
ipa-chart-2026,附加符号 / mid-centralized,1,diacritics,◌̽,ipa-diacritics-020,̽,U+033D,combining,中部央化,click-ipa-diacritics-020,
ipa-chart-2026,附加符号 / mid-centralized example,1,diacritics,e̽,ipa-diacritics-021,e̽,U+0065 U+033D,literal,中部央化（示例）,click-ipa-diacritics-021,
ipa-chart-2026,附加符号 / syllabic,1,diacritics,◌̩,ipa-diacritics-022,̩,U+0329,combining,成音节,click-ipa-diacritics-022,
ipa-chart-2026,附加符号 / syllabic example,1,diacritics,n̩,ipa-diacritics-023,n̩,U+006E U+0329,literal,成音节（示例）,click-ipa-diacritics-023,
ipa-chart-2026,附加符号 / non-syllabic,1,diacritics,◌̯,ipa-diacritics-024,̯,U+032F,combining,非音节性,click-ipa-diacritics-024,
ipa-chart-2026,附加符号 / non-syllabic example,1,diacritics,e̯,ipa-diacritics-025,e̯,U+0065 U+032F,literal,非音节性（示例）,click-ipa-diacritics-025,
ipa-chart-2026,附加符号 / rhoticity,1,diacritics,◌˞,ipa-diacritics-026,˞,U+02DE,literal,卷舌音色,click-ipa-diacritics-026,
ipa-chart-2026,附加符号 / rhoticity example,1,diacritics,ə˞,ipa-diacritics-027,ə˞,U+0259 U+02DE,literal,卷舌音色（示例）,click-ipa-diacritics-027,
ipa-chart-2026,附加符号 / rhoticity example,1,diacritics,a˞,ipa-diacritics-028,a˞,U+0061 U+02DE,literal,卷舌音色（示例）,click-ipa-diacritics-028,
ipa-chart-2026,附加符号 / breathy voiced,1,diacritics,◌̤,ipa-diacritics-029,̤,U+0324,combining,气声,click-ipa-diacritics-029,
ipa-chart-2026,附加符号 / breathy voiced example,1,diacritics,b̤,ipa-diacritics-030,b̤,U+0062 U+0324,literal,气声（示例）,click-ipa-diacritics-030,
ipa-chart-2026,附加符号 / breathy voiced example,1,diacritics,a̤,ipa-diacritics-031,a̤,U+0061 U+0324,literal,气声（示例）,click-ipa-diacritics-031,
ipa-chart-2026,附加符号 / creaky voiced,1,diacritics,◌̰,ipa-diacritics-032,̰,U+0330,combining,嘎裂声,click-ipa-diacritics-032,
ipa-chart-2026,附加符号 / creaky voiced example,1,diacritics,b̰,ipa-diacritics-033,b̰,U+0062 U+0330,literal,嘎裂声（示例）,click-ipa-diacritics-033,
ipa-chart-2026,附加符号 / creaky voiced example,1,diacritics,a̰,ipa-diacritics-034,a̰,U+0061 U+0330,literal,嘎裂声（示例）,click-ipa-diacritics-034,
ipa-chart-2026,附加符号 / linguolabial,1,diacritics,◌̼,ipa-diacritics-035,̼,U+033C,combining,舌唇化,click-ipa-diacritics-035,
ipa-chart-2026,附加符号 / linguolabial example,1,diacritics,t̼,ipa-diacritics-036,t̼,U+0074 U+033C,literal,舌唇化（示例）,click-ipa-diacritics-036,
ipa-chart-2026,附加符号 / linguolabial example,1,diacritics,d̼,ipa-diacritics-037,d̼,U+0064 U+033C,literal,舌唇化（示例）,click-ipa-diacritics-037,
ipa-chart-2026,附加符号 / labialized,1,diacritics,◌ʷ,ipa-diacritics-038,ʷ,U+02B7,literal,唇化,click-ipa-diacritics-038,
ipa-chart-2026,附加符号 / labialized example,1,diacritics,tʷ,ipa-diacritics-039,tʷ,U+0074 U+02B7,literal,唇化（示例）,click-ipa-diacritics-039,
ipa-chart-2026,附加符号 / labialized example,1,diacritics,dʷ,ipa-diacritics-040,dʷ,U+0064 U+02B7,literal,唇化（示例）,click-ipa-diacritics-040,
ipa-chart-2026,附加符号 / palatalized,1,diacritics,◌ʲ,ipa-diacritics-041,ʲ,U+02B2,literal,腭化,click-ipa-diacritics-041,
ipa-chart-2026,附加符号 / palatalized example,1,diacritics,tʲ,ipa-diacritics-042,tʲ,U+0074 U+02B2,literal,腭化（示例）,click-ipa-diacritics-042,
ipa-chart-2026,附加符号 / palatalized example,1,diacritics,dʲ,ipa-diacritics-043,dʲ,U+0064 U+02B2,literal,腭化（示例）,click-ipa-diacritics-043,
ipa-chart-2026,附加符号 / velarized,1,diacritics,◌ˠ,ipa-diacritics-044,ˠ,U+02E0,literal,软腭化,click-ipa-diacritics-044,
ipa-chart-2026,附加符号 / velarized example,1,diacritics,tˠ,ipa-diacritics-045,tˠ,U+0074 U+02E0,literal,软腭化（示例）,click-ipa-diacritics-045,
ipa-chart-2026,附加符号 / velarized example,1,diacritics,dˠ,ipa-diacritics-046,dˠ,U+0064 U+02E0,literal,软腭化（示例）,click-ipa-diacritics-046,
ipa-chart-2026,附加符号 / pharyngealized,1,diacritics,◌ˤ,ipa-diacritics-047,ˤ,U+02E4,literal,咽化,click-ipa-diacritics-047,
ipa-chart-2026,附加符号 / pharyngealized example,1,diacritics,tˤ,ipa-diacritics-048,tˤ,U+0074 U+02E4,literal,咽化（示例）,click-ipa-diacritics-048,
ipa-chart-2026,附加符号 / pharyngealized example,1,diacritics,dˤ,ipa-diacritics-049,dˤ,U+0064 U+02E4,literal,咽化（示例）,click-ipa-diacritics-049,
ipa-chart-2026,附加符号 / velarized or pharyngealized,1,diacritics,◌̴,ipa-diacritics-050,̴,U+0334,combining,软腭化或咽化,click-ipa-diacritics-050,
ipa-chart-2026,附加符号 / velarized or pharyngealized example,1,diacritics,l̴,ipa-diacritics-051,l̴,U+006C U+0334,literal,软腭化或咽化（示例）,click-ipa-diacritics-051,
ipa-chart-2026,附加符号 / raised,1,diacritics,◌̝,ipa-diacritics-052,̝,U+031D,combining,升高,click-ipa-diacritics-052,
ipa-chart-2026,附加符号 / raised example,1,diacritics,e̝,ipa-diacritics-053,e̝,U+0065 U+031D,literal,升高（示例）,click-ipa-diacritics-053,
ipa-chart-2026,附加符号 / raised example,1,diacritics,ɹ̝,ipa-diacritics-054,ɹ̝,U+0279 U+031D,literal,升高（示例）,click-ipa-diacritics-054,
ipa-chart-2026,附加符号 / lowered,1,diacritics,◌̞,ipa-diacritics-055,̞,U+031E,combining,降低,click-ipa-diacritics-055,
ipa-chart-2026,附加符号 / lowered example,1,diacritics,e̞,ipa-diacritics-056,e̞,U+0065 U+031E,literal,降低（示例）,click-ipa-diacritics-056,
ipa-chart-2026,附加符号 / lowered example,1,diacritics,β̞,ipa-diacritics-057,β̞,U+03B2 U+031E,literal,降低（示例）,click-ipa-diacritics-057,
ipa-chart-2026,附加符号 / advanced tongue root,1,diacritics,◌̘,ipa-diacritics-058,̘,U+0318,combining,舌根前移,click-ipa-diacritics-058,
ipa-chart-2026,附加符号 / advanced tongue root example,1,diacritics,e̘,ipa-diacritics-059,e̘,U+0065 U+0318,literal,舌根前移（示例）,click-ipa-diacritics-059,
ipa-chart-2026,附加符号 / retracted tongue root,1,diacritics,◌̙,ipa-diacritics-060,̙,U+0319,combining,舌根后缩,click-ipa-diacritics-060,
ipa-chart-2026,附加符号 / retracted tongue root example,1,diacritics,e̙,ipa-diacritics-061,e̙,U+0065 U+0319,literal,舌根后缩（示例）,click-ipa-diacritics-061,
ipa-chart-2026,附加符号 / dental,1,diacritics,◌̪,ipa-diacritics-062,̪,U+032A,combining,齿化,click-ipa-diacritics-062,
ipa-chart-2026,附加符号 / dental example,1,diacritics,t̪,ipa-diacritics-063,t̪,U+0074 U+032A,literal,齿化（示例）,click-ipa-diacritics-063,
ipa-chart-2026,附加符号 / dental example,1,diacritics,d̪,ipa-diacritics-064,d̪,U+0064 U+032A,literal,齿化（示例）,click-ipa-diacritics-064,
ipa-chart-2026,附加符号 / apical,1,diacritics,◌̺,ipa-diacritics-065,̺,U+033A,combining,舌尖化,click-ipa-diacritics-065,
ipa-chart-2026,附加符号 / apical example,1,diacritics,t̺,ipa-diacritics-066,t̺,U+0074 U+033A,literal,舌尖化（示例）,click-ipa-diacritics-066,
ipa-chart-2026,附加符号 / apical example,1,diacritics,d̺,ipa-diacritics-067,d̺,U+0064 U+033A,literal,舌尖化（示例）,click-ipa-diacritics-067,
ipa-chart-2026,附加符号 / laminal,1,diacritics,◌̻,ipa-diacritics-068,̻,U+033B,combining,舌叶化,click-ipa-diacritics-068,
ipa-chart-2026,附加符号 / laminal example,1,diacritics,t̻,ipa-diacritics-069,t̻,U+0074 U+033B,literal,舌叶化（示例）,click-ipa-diacritics-069,
ipa-chart-2026,附加符号 / laminal example,1,diacritics,d̻,ipa-diacritics-070,d̻,U+0064 U+033B,literal,舌叶化（示例）,click-ipa-diacritics-070,
ipa-chart-2026,附加符号 / nasalized,1,diacritics,◌̃,ipa-diacritics-071,̃,U+0303,combining,鼻化,click-ipa-diacritics-071,
ipa-chart-2026,附加符号 / nasalized example,1,diacritics,ẽ,ipa-diacritics-072,ẽ,U+0065 U+0303,literal,鼻化（示例）,click-ipa-diacritics-072,
ipa-chart-2026,附加符号 / nasal release,1,diacritics,◌ⁿ,ipa-diacritics-073,ⁿ,U+207F,literal,鼻音释放,click-ipa-diacritics-073,
ipa-chart-2026,附加符号 / nasal release example,1,diacritics,dⁿ,ipa-diacritics-074,dⁿ,U+0064 U+207F,literal,鼻音释放（示例）,click-ipa-diacritics-074,
ipa-chart-2026,附加符号 / lateral release,1,diacritics,◌ˡ,ipa-diacritics-075,ˡ,U+02E1,literal,边音释放,click-ipa-diacritics-075,
ipa-chart-2026,附加符号 / lateral release example,1,diacritics,dˡ,ipa-diacritics-076,dˡ,U+0064 U+02E1,literal,边音释放（示例）,click-ipa-diacritics-076,
ipa-chart-2026,附加符号 / no audible release,1,diacritics,◌̚,ipa-diacritics-077,̚,U+031A,combining,无可闻释放,click-ipa-diacritics-077,
ipa-chart-2026,附加符号 / no audible release example,1,diacritics,d̚,ipa-diacritics-078,d̚,U+0064 U+031A,literal,无可闻释放（示例）,click-ipa-diacritics-078,
ipa-chart-2026,附加符号 / voiceless above,1,diacritics,◌̊,ipa-diacritics-079,̊,U+030A,combining,清化（上置异体）,click-ipa-diacritics-079,
ipa-chart-2026,附加符号 / voiceless above example,1,diacritics,ŋ̊,ipa-diacritics-080,ŋ̊,U+014B U+030A,literal,清化（上置异体）（示例）,click-ipa-diacritics-080,
ipa-chart-2026,超音段 / primary stress,1,suprasegmentals,ˈ,ipa-suprasegmentals-001,ˈ,U+02C8,literal,主重音,click-ipa-suprasegmentals-001,
ipa-chart-2026,超音段 / primary stress example,1,suprasegmentals,ˌfoʊnəˈtɪʃən,ipa-suprasegmentals-002,ˌfoʊnəˈtɪʃən,U+02CC U+0066 U+006F U+028A U+006E U+0259 U+02C8 U+0074 U+026A U+0283 U+0259 U+006E,literal,主重音（示例）,click-ipa-suprasegmentals-002,
ipa-chart-2026,超音段 / secondary stress,1,suprasegmentals,ˌ,ipa-suprasegmentals-003,ˌ,U+02CC,literal,次重音,click-ipa-suprasegmentals-003,
ipa-chart-2026,超音段 / long,1,suprasegmentals,ː,ipa-suprasegmentals-004,ː,U+02D0,literal,长音,click-ipa-suprasegmentals-004,
ipa-chart-2026,超音段 / long example,1,suprasegmentals,eː,ipa-suprasegmentals-005,eː,U+0065 U+02D0,literal,长音（示例）,click-ipa-suprasegmentals-005,
ipa-chart-2026,超音段 / half-long,1,suprasegmentals,ˑ,ipa-suprasegmentals-006,ˑ,U+02D1,literal,半长音,click-ipa-suprasegmentals-006,
ipa-chart-2026,超音段 / half-long example,1,suprasegmentals,eˑ,ipa-suprasegmentals-007,eˑ,U+0065 U+02D1,literal,半长音（示例）,click-ipa-suprasegmentals-007,
ipa-chart-2026,超音段 / extra-short,1,suprasegmentals,◌̆,ipa-suprasegmentals-008,̆,U+0306,combining,超短音,click-ipa-suprasegmentals-008,
ipa-chart-2026,超音段 / extra-short example,1,suprasegmentals,ĕ,ipa-suprasegmentals-009,ĕ,U+0065 U+0306,literal,超短音（示例）,click-ipa-suprasegmentals-009,
ipa-chart-2026,超音段 / minor (foot) group,1,suprasegmentals,|,ipa-suprasegmentals-010,|,U+007C,literal,小韵律组边界,click-ipa-suprasegmentals-010,
ipa-chart-2026,超音段 / major (intonation) group,1,suprasegmentals,‖,ipa-suprasegmentals-011,‖,U+2016,literal,大韵律组边界,click-ipa-suprasegmentals-011,
ipa-chart-2026,超音段 / syllable break,1,suprasegmentals,.,ipa-suprasegmentals-012,.,U+002E,literal,音节界,click-ipa-suprasegmentals-012,
ipa-chart-2026,超音段 / syllable break example,1,suprasegmentals,ɹi.ækt,ipa-suprasegmentals-013,ɹi.ækt,U+0279 U+0069 U+002E U+00E6 U+006B U+0074,literal,音节界（示例）,click-ipa-suprasegmentals-013,
ipa-chart-2026,超音段 / linking (absence of a break),1,suprasegmentals,‿,ipa-suprasegmentals-014,‿,U+203F,literal,连读（无断开）,click-ipa-suprasegmentals-014,
ipa-chart-2026,声调与词调 / extra high tone letters,1,tones,˥,ipa-tones-001,˥,U+02E5,literal,特高调（调符）,click-ipa-tones-001,
ipa-chart-2026,声调与词调 / extra high tone diacritic,1,tones,◌̋,ipa-tones-002,̋,U+030B,combining,特高调（附加记号）,click-ipa-tones-002,
ipa-chart-2026,声调与词调 / extra high tone diacritic example,1,tones,e̋,ipa-tones-003,e̋,U+0065 U+030B,literal,特高调（附加记号）（示例）,click-ipa-tones-003,
ipa-chart-2026,声调与词调 / high tone letters,1,tones,˦,ipa-tones-004,˦,U+02E6,literal,高调（调符）,click-ipa-tones-004,
ipa-chart-2026,声调与词调 / high tone diacritic,1,tones,◌́,ipa-tones-005,́,U+0301,combining,高调（附加记号）,click-ipa-tones-005,
ipa-chart-2026,声调与词调 / high tone diacritic example,1,tones,é,ipa-tones-006,é,U+0065 U+0301,literal,高调（附加记号）（示例）,click-ipa-tones-006,
ipa-chart-2026,声调与词调 / mid tone letters,1,tones,˧,ipa-tones-007,˧,U+02E7,literal,中调（调符）,click-ipa-tones-007,
ipa-chart-2026,声调与词调 / mid tone diacritic,1,tones,◌̄,ipa-tones-008,̄,U+0304,combining,中调（附加记号）,click-ipa-tones-008,
ipa-chart-2026,声调与词调 / mid tone diacritic example,1,tones,ē,ipa-tones-009,ē,U+0065 U+0304,literal,中调（附加记号）（示例）,click-ipa-tones-009,
ipa-chart-2026,声调与词调 / low tone letters,1,tones,˨,ipa-tones-010,˨,U+02E8,literal,低调（调符）,click-ipa-tones-010,
ipa-chart-2026,声调与词调 / low tone diacritic,1,tones,◌̀,ipa-tones-011,̀,U+0300,combining,低调（附加记号）,click-ipa-tones-011,
ipa-chart-2026,声调与词调 / low tone diacritic example,1,tones,è,ipa-tones-012,è,U+0065 U+0300,literal,低调（附加记号）（示例）,click-ipa-tones-012,
ipa-chart-2026,声调与词调 / extra low tone letters,1,tones,˩,ipa-tones-013,˩,U+02E9,literal,特低调（调符）,click-ipa-tones-013,
ipa-chart-2026,声调与词调 / extra low tone diacritic,1,tones,◌̏,ipa-tones-014,̏,U+030F,combining,特低调（附加记号）,click-ipa-tones-014,
ipa-chart-2026,声调与词调 / extra low tone diacritic example,1,tones,ȅ,ipa-tones-015,ȅ,U+0065 U+030F,literal,特低调（附加记号）（示例）,click-ipa-tones-015,
ipa-chart-2026,声调与词调 / rising tone letters,1,tones,˩˥,ipa-tones-016,˩˥,U+02E9 U+02E5,literal,升调（调符）,click-ipa-tones-016,
ipa-chart-2026,声调与词调 / rising tone diacritic,1,tones,◌̌,ipa-tones-017,̌,U+030C,combining,升调（附加记号）,click-ipa-tones-017,
ipa-chart-2026,声调与词调 / rising tone diacritic example,1,tones,ě,ipa-tones-018,ě,U+0065 U+030C,literal,升调（附加记号）（示例）,click-ipa-tones-018,
ipa-chart-2026,声调与词调 / falling tone letters,1,tones,˥˩,ipa-tones-019,˥˩,U+02E5 U+02E9,literal,降调（调符）,click-ipa-tones-019,
ipa-chart-2026,声调与词调 / falling tone diacritic,1,tones,◌̂,ipa-tones-020,̂,U+0302,combining,降调（附加记号）,click-ipa-tones-020,
ipa-chart-2026,声调与词调 / falling tone diacritic example,1,tones,ê,ipa-tones-021,ê,U+0065 U+0302,literal,降调（附加记号）（示例）,click-ipa-tones-021,
ipa-chart-2026,声调与词调 / high rising tone letters,1,tones,˦˥,ipa-tones-022,˦˥,U+02E6 U+02E5,literal,高升调（调符）,click-ipa-tones-022,
ipa-chart-2026,声调与词调 / high rising tone diacritic,1,tones,◌᷄,ipa-tones-023,᷄,U+1DC4,combining,高升调（附加记号）,click-ipa-tones-023,
ipa-chart-2026,声调与词调 / high rising tone diacritic example,1,tones,e᷄,ipa-tones-024,e᷄,U+0065 U+1DC4,literal,高升调（附加记号）（示例）,click-ipa-tones-024,
ipa-chart-2026,声调与词调 / low rising tone letters,1,tones,˩˨,ipa-tones-025,˩˨,U+02E9 U+02E8,literal,低升调（调符）,click-ipa-tones-025,
ipa-chart-2026,声调与词调 / low rising tone diacritic,1,tones,◌᷅,ipa-tones-026,᷅,U+1DC5,combining,低升调（附加记号）,click-ipa-tones-026,
ipa-chart-2026,声调与词调 / low rising tone diacritic example,1,tones,e᷅,ipa-tones-027,e᷅,U+0065 U+1DC5,literal,低升调（附加记号）（示例）,click-ipa-tones-027,
ipa-chart-2026,声调与词调 / rising-falling tone letters,1,tones,˧˦˧,ipa-tones-028,˧˦˧,U+02E7 U+02E6 U+02E7,literal,升降调（调符）,click-ipa-tones-028,
ipa-chart-2026,声调与词调 / rising-falling tone diacritic,1,tones,◌᷈,ipa-tones-029,᷈,U+1DC8,combining,升降调（附加记号）,click-ipa-tones-029,
ipa-chart-2026,声调与词调 / rising-falling tone diacritic example,1,tones,e᷈,ipa-tones-030,e᷈,U+0065 U+1DC8,literal,升降调（附加记号）（示例）,click-ipa-tones-030,
ipa-chart-2026,声调与词调 / downstep,1,tones,ꜜ,ipa-tones-031,ꜜ,U+A71C,literal,降阶,click-ipa-tones-031,
ipa-chart-2026,声调与词调 / upstep,1,tones,ꜛ,ipa-tones-032,ꜛ,U+A71B,literal,升阶,click-ipa-tones-032,
ipa-chart-2026,声调与词调 / global rise,1,tones,↗,ipa-tones-033,↗,U+2197,literal,整体上升,click-ipa-tones-033,
ipa-chart-2026,声调与词调 / global fall,1,tones,↘,ipa-tones-034,↘,U+2198,literal,整体下降,click-ipa-tones-034,
extipa-chart-2025,2025 p1 Consonants / plosive / labiodental,1,consonants,p̪,extipa-consonants-001,p̪,U+0070 U+032A,literal,清唇齿塞音,click-extipa-consonants-001,
extipa-chart-2025,2025 p1 Consonants / plosive / labiodental,1,consonants,b̪,extipa-consonants-002,b̪,U+0062 U+032A,literal,浊唇齿塞音,click-extipa-consonants-002,
extipa-chart-2025,2025 p1 Consonants / plosive / labio-alveolar,1,consonants,p͇,extipa-consonants-003,p͇,U+0070 U+0347,literal,清唇龈塞音,click-extipa-consonants-003,
extipa-chart-2025,2025 p1 Consonants / plosive / labio-alveolar,1,consonants,b͇,extipa-consonants-004,b͇,U+0062 U+0347,literal,浊唇龈塞音,click-extipa-consonants-004,
extipa-chart-2025,2025 p1 Consonants / plosive / dento-labial,1,consonants,p͆,extipa-consonants-005,p͆,U+0070 U+0346,literal,清齿唇塞音,click-extipa-consonants-005,
extipa-chart-2025,2025 p1 Consonants / plosive / dento-labial,1,consonants,b͆,extipa-consonants-006,b͆,U+0062 U+0346,literal,浊齿唇塞音,click-extipa-consonants-006,
extipa-chart-2025,2025 p1 Consonants / plosive / linguolabial,1,consonants,t̼,extipa-consonants-007,t̼,U+0074 U+033C,literal,清舌唇塞音,click-extipa-consonants-007,
extipa-chart-2025,2025 p1 Consonants / plosive / linguolabial,1,consonants,d̼,extipa-consonants-008,d̼,U+0064 U+033C,literal,浊舌唇塞音,click-extipa-consonants-008,
extipa-chart-2025,2025 p1 Consonants / plosive / interdental,1,consonants,t̪͆,extipa-consonants-009,t̪͆,U+0074 U+032A U+0346,literal,清齿间塞音,click-extipa-consonants-009,
extipa-chart-2025,2025 p1 Consonants / plosive / interdental,1,consonants,d̪͆,extipa-consonants-010,d̪͆,U+0064 U+032A U+0346,literal,浊齿间塞音,click-extipa-consonants-010,
extipa-chart-2025,2025 p1 Consonants / plosive / upper pharyngeal,1,consonants,ꞯ,extipa-consonants-011,ꞯ,U+A7AF,literal,清上咽塞音,click-extipa-consonants-011,
extipa-chart-2025,2025 p1 Consonants / plosive / upper pharyngeal,1,consonants,𝼂,extipa-consonants-012,𝼂,U+1DF02,literal,浊上咽塞音,click-extipa-consonants-012,
extipa-chart-2025,2025 p1 Consonants / nasal / labio-alveolar,1,consonants,m͇̊,extipa-consonants-013,m͇̊,U+006D U+0347 U+030A,literal,清唇龈鼻音,click-extipa-consonants-013,
extipa-chart-2025,2025 p1 Consonants / nasal / labio-alveolar,1,consonants,m͇,extipa-consonants-014,m͇,U+006D U+0347,literal,浊唇龈鼻音,click-extipa-consonants-014,
extipa-chart-2025,2025 p1 Consonants / nasal / dento-labial,1,consonants,m̥͆,extipa-consonants-015,m̥͆,U+006D U+0346 U+0325,literal,清齿唇鼻音,click-extipa-consonants-015,
extipa-chart-2025,2025 p1 Consonants / nasal / dento-labial,1,consonants,m͆,extipa-consonants-016,m͆,U+006D U+0346,literal,浊齿唇鼻音,click-extipa-consonants-016,
extipa-chart-2025,2025 p1 Consonants / nasal / linguolabial,1,consonants,n̼̊,extipa-consonants-017,n̼̊,U+006E U+033C U+030A,literal,清舌唇鼻音,click-extipa-consonants-017,
extipa-chart-2025,2025 p1 Consonants / nasal / linguolabial,1,consonants,n̼,extipa-consonants-018,n̼,U+006E U+033C,literal,浊舌唇鼻音,click-extipa-consonants-018,
extipa-chart-2025,2025 p1 Consonants / nasal / interdental,1,consonants,n̪̥͆,extipa-consonants-019,n̪̥͆,U+006E U+032A U+0346 U+0325,literal,清齿间鼻音,click-extipa-consonants-019,
extipa-chart-2025,2025 p1 Consonants / nasal / interdental,1,consonants,n̪͆,extipa-consonants-020,n̪͆,U+006E U+032A U+0346,literal,浊齿间鼻音,click-extipa-consonants-020,
extipa-chart-2025,2025 p1 Consonants / trill / linguolabial,1,consonants,r̼,extipa-consonants-021,r̼,U+0072 U+033C,literal,浊舌唇颤音,click-extipa-consonants-021,
extipa-chart-2025,2025 p1 Consonants / trill / interdental,1,consonants,r̪͆,extipa-consonants-022,r̪͆,U+0072 U+032A U+0346,literal,浊齿间颤音,click-extipa-consonants-022,
extipa-chart-2025,2025 p1 Consonants / trill / velopharyngeal,1,consonants,𝼀,extipa-consonants-023,𝼀,U+1DF00,literal,清腭咽颤音,click-extipa-consonants-023,
extipa-chart-2025,2025 p1 Consonants / trill / velopharyngeal,1,consonants,𝼀̬,extipa-consonants-024,𝼀̬,U+1DF00 U+032C,literal,浊腭咽颤音,click-extipa-consonants-024,
extipa-chart-2025,2025 p1 Consonants / median fricative / labio-alveolar,1,consonants,f͇,extipa-consonants-025,f͇,U+0066 U+0347,literal,清唇龈中央擦音,click-extipa-consonants-025,
extipa-chart-2025,2025 p1 Consonants / median fricative / labio-alveolar,1,consonants,v͇,extipa-consonants-026,v͇,U+0076 U+0347,literal,浊唇龈中央擦音,click-extipa-consonants-026,
extipa-chart-2025,2025 p1 Consonants / median fricative / dento-labial,1,consonants,f͆,extipa-consonants-027,f͆,U+0066 U+0346,literal,清齿唇中央擦音,click-extipa-consonants-027,
extipa-chart-2025,2025 p1 Consonants / median fricative / dento-labial,1,consonants,v͆,extipa-consonants-028,v͆,U+0076 U+0346,literal,浊齿唇中央擦音,click-extipa-consonants-028,
extipa-chart-2025,2025 p1 Consonants / median fricative / bidental,1,consonants,h̪͆,extipa-consonants-029,h̪͆,U+0068 U+032A U+0346,literal,清双齿中央擦音,click-extipa-consonants-029,
extipa-chart-2025,2025 p1 Consonants / median fricative / bidental,1,consonants,ɦ̪͆,extipa-consonants-030,ɦ̪͆,U+0266 U+032A U+0346,literal,浊双齿中央擦音,click-extipa-consonants-030,
extipa-chart-2025,2025 p1 Consonants / median fricative / linguolabial,1,consonants,θ̼,extipa-consonants-031,θ̼,U+03B8 U+033C,literal,清舌唇中央擦音,click-extipa-consonants-031,
extipa-chart-2025,2025 p1 Consonants / median fricative / linguolabial,1,consonants,ð̼,extipa-consonants-032,ð̼,U+00F0 U+033C,literal,浊舌唇中央擦音,click-extipa-consonants-032,
extipa-chart-2025,2025 p1 Consonants / median fricative / interdental,1,consonants,θ̪͆,extipa-consonants-033,θ̪͆,U+03B8 U+032A U+0346,literal,清齿间中央擦音,click-extipa-consonants-033,
extipa-chart-2025,2025 p1 Consonants / median fricative / interdental,1,consonants,ð̪͆,extipa-consonants-034,ð̪͆,U+00F0 U+032A U+0346,literal,浊齿间中央擦音,click-extipa-consonants-034,
extipa-chart-2025,2025 p1 Consonants / median fricative / alveolar,1,consonants,θ͇,extipa-consonants-035,θ͇,U+03B8 U+0347,literal,清齿龈中央擦音,click-extipa-consonants-035,
extipa-chart-2025,2025 p1 Consonants / median fricative / alveolar,1,consonants,ð͇,extipa-consonants-036,ð͇,U+00F0 U+0347,literal,浊齿龈中央擦音,click-extipa-consonants-036,
extipa-chart-2025,2025 p1 Consonants / median fricative / velopharyngeal,1,consonants,ʩ,extipa-consonants-037,ʩ,U+02A9,literal,清腭咽中央擦音,click-extipa-consonants-037,
extipa-chart-2025,2025 p1 Consonants / median fricative / velopharyngeal,1,consonants,ʩ̬,extipa-consonants-038,ʩ̬,U+02A9 U+032C,literal,浊腭咽中央擦音,click-extipa-consonants-038,
extipa-chart-2025,2025 p1 Consonants / lateral fricative / linguolabial,1,consonants,ɬ̼,extipa-consonants-039,ɬ̼,U+026C U+033C,literal,清舌唇边擦音,click-extipa-consonants-039,
extipa-chart-2025,2025 p1 Consonants / lateral fricative / linguolabial,1,consonants,ɮ̼,extipa-consonants-040,ɮ̼,U+026E U+033C,literal,浊舌唇边擦音,click-extipa-consonants-040,
extipa-chart-2025,2025 p1 Consonants / lateral fricative / interdental,1,consonants,ɬ̪͆,extipa-consonants-041,ɬ̪͆,U+026C U+032A U+0346,literal,清齿间边擦音,click-extipa-consonants-041,
extipa-chart-2025,2025 p1 Consonants / lateral fricative / interdental,1,consonants,ɮ̪͆,extipa-consonants-042,ɮ̪͆,U+026E U+032A U+0346,literal,浊齿间边擦音,click-extipa-consonants-042,
extipa-chart-2025,2025 p1 Consonants / lateral fricative / retroflex,1,consonants,ꞎ,extipa-consonants-043,ꞎ,U+A78E,literal,清卷舌边擦音,click-extipa-consonants-043,
extipa-chart-2025,2025 p1 Consonants / lateral fricative / retroflex,1,consonants,𝼅,extipa-consonants-044,𝼅,U+1DF05,literal,浊卷舌边擦音,click-extipa-consonants-044,
extipa-chart-2025,2025 p1 Consonants / lateral fricative / palatal,1,consonants,𝼆,extipa-consonants-045,𝼆,U+1DF06,literal,清硬腭边擦音,click-extipa-consonants-045,
extipa-chart-2025,2025 p1 Consonants / lateral fricative / palatal,1,consonants,𝼆̬,extipa-consonants-046,𝼆̬,U+1DF06 U+032C,literal,浊硬腭边擦音,click-extipa-consonants-046,
extipa-chart-2025,2025 p1 Consonants / lateral fricative / velar,1,consonants,𝼄,extipa-consonants-047,𝼄,U+1DF04,literal,清软腭边擦音,click-extipa-consonants-047,
extipa-chart-2025,2025 p1 Consonants / lateral fricative / velar,1,consonants,𝼄̬,extipa-consonants-048,𝼄̬,U+1DF04 U+032C,literal,浊软腭边擦音,click-extipa-consonants-048,
extipa-chart-2025,2025 p1 Consonants / lateral + median fricative / alveolar,1,consonants,ʪ,extipa-consonants-049,ʪ,U+02AA,literal,清齿龈边音＋中央擦音,click-extipa-consonants-049,
extipa-chart-2025,2025 p1 Consonants / lateral + median fricative / alveolar,1,consonants,ʫ,extipa-consonants-050,ʫ,U+02AB,literal,浊齿龈边音＋中央擦音,click-extipa-consonants-050,
extipa-chart-2025,2025 p1 Consonants / nasal fricative / bilabial,1,consonants,m̥̾,extipa-consonants-051,m̥̾,U+006D U+0325 U+033E,literal,清双唇鼻擦音,click-extipa-consonants-051,
extipa-chart-2025,2025 p1 Consonants / nasal fricative / bilabial,1,consonants,m̾,extipa-consonants-052,m̾,U+006D U+033E,literal,浊双唇鼻擦音,click-extipa-consonants-052,
extipa-chart-2025,2025 p1 Consonants / nasal fricative / labiodental,1,consonants,ɱ̥̾,extipa-consonants-053,ɱ̥̾,U+0271 U+0325 U+033E,literal,清唇齿鼻擦音,click-extipa-consonants-053,
extipa-chart-2025,2025 p1 Consonants / nasal fricative / labiodental,1,consonants,ɱ̾,extipa-consonants-054,ɱ̾,U+0271 U+033E,literal,浊唇齿鼻擦音,click-extipa-consonants-054,
extipa-chart-2025,2025 p1 Consonants / nasal fricative / alveolar,1,consonants,n̥̾,extipa-consonants-055,n̥̾,U+006E U+0325 U+033E,literal,清齿龈鼻擦音,click-extipa-consonants-055,
extipa-chart-2025,2025 p1 Consonants / nasal fricative / alveolar,1,consonants,n̾,extipa-consonants-056,n̾,U+006E U+033E,literal,浊齿龈鼻擦音,click-extipa-consonants-056,
extipa-chart-2025,2025 p1 Consonants / nasal fricative / retroflex,1,consonants,ɳ̥̾,extipa-consonants-057,ɳ̥̾,U+0273 U+0325 U+033E,literal,清卷舌鼻擦音,click-extipa-consonants-057,
extipa-chart-2025,2025 p1 Consonants / nasal fricative / retroflex,1,consonants,ɳ̾,extipa-consonants-058,ɳ̾,U+0273 U+033E,literal,浊卷舌鼻擦音,click-extipa-consonants-058,
extipa-chart-2025,2025 p1 Consonants / nasal fricative / palatal,1,consonants,ɲ̥̾,extipa-consonants-059,ɲ̥̾,U+0272 U+0325 U+033E,literal,清硬腭鼻擦音,click-extipa-consonants-059,
extipa-chart-2025,2025 p1 Consonants / nasal fricative / palatal,1,consonants,ɲ̾,extipa-consonants-060,ɲ̾,U+0272 U+033E,literal,浊硬腭鼻擦音,click-extipa-consonants-060,
extipa-chart-2025,2025 p1 Consonants / nasal fricative / velar,1,consonants,ŋ̥̾,extipa-consonants-061,ŋ̥̾,U+014B U+0325 U+033E,literal,清软腭鼻擦音,click-extipa-consonants-061,
extipa-chart-2025,2025 p1 Consonants / nasal fricative / velar,1,consonants,ŋ̾,extipa-consonants-062,ŋ̾,U+014B U+033E,literal,浊软腭鼻擦音,click-extipa-consonants-062,
extipa-chart-2025,2025 p1 Consonants / lateral approximant / linguolabial,1,consonants,l̼,extipa-consonants-063,l̼,U+006C U+033C,literal,浊舌唇边近音,click-extipa-consonants-063,
extipa-chart-2025,2025 p1 Consonants / lateral approximant / interdental,1,consonants,l̪͆,extipa-consonants-064,l̪͆,U+006C U+032A U+0346,literal,浊齿间边近音,click-extipa-consonants-064,
extipa-chart-2025,2025 p1 Consonants / percussive / bilabial,1,consonants,ʬ,extipa-consonants-065,ʬ,U+02AC,literal,双唇叩击音,click-extipa-consonants-065,
extipa-chart-2025,2025 p1 Consonants / percussive / bidental,1,consonants,ʭ,extipa-consonants-066,ʭ,U+02AD,literal,双齿叩击音,click-extipa-consonants-066,
extipa-chart-2025,附加符号 / labial spreading,1,diacritics,◌͍,extipa-diacritics-001,͍,U+034D,combining,唇展,click-extipa-diacritics-001,
extipa-chart-2025,附加符号 / labial spreading example,1,diacritics,s͍,extipa-diacritics-002,s͍,U+0073 U+034D,literal,唇展（示例）,click-extipa-diacritics-002,
extipa-chart-2025,附加符号 / labial spreading example,1,diacritics,u͍,extipa-diacritics-003,u͍,U+0075 U+034D,literal,唇展（示例）,click-extipa-diacritics-003,
extipa-chart-2025,附加符号 / strong articulation,1,diacritics,◌͈,extipa-diacritics-004,͈,U+0348,combining,强构音,click-extipa-diacritics-004,
extipa-chart-2025,附加符号 / strong articulation example,1,diacritics,f͈,extipa-diacritics-005,f͈,U+0066 U+0348,literal,强构音（示例）,click-extipa-diacritics-005,
extipa-chart-2025,附加符号 / weak articulation,1,diacritics,◌͉,extipa-diacritics-006,͉,U+0349,combining,弱构音,click-extipa-diacritics-006,
extipa-chart-2025,附加符号 / weak articulation example,1,diacritics,v͉,extipa-diacritics-007,v͉,U+0076 U+0349,literal,弱构音（示例）,click-extipa-diacritics-007,
extipa-chart-2025,附加符号 / partially denasal,1,diacritics,◌͊,extipa-diacritics-008,͊,U+034A,combining,部分去鼻化,click-extipa-diacritics-008,
extipa-chart-2025,附加符号 / partially denasal example,1,diacritics,m͊,extipa-diacritics-009,m͊,U+006D U+034A,literal,部分去鼻化（示例）,click-extipa-diacritics-009,
extipa-chart-2025,附加符号 / fricative nasal escape,1,diacritics,◌̾,extipa-diacritics-010,̾,U+033E,combining,摩擦性鼻漏气,click-extipa-diacritics-010,
extipa-chart-2025,附加符号 / fricative nasal escape example,1,diacritics,v̾,extipa-diacritics-011,v̾,U+0076 U+033E,literal,摩擦性鼻漏气（示例）,click-extipa-diacritics-011,
extipa-chart-2025,附加符号 / velopharyngeal friction,1,diacritics,◌𐞐,extipa-diacritics-012,𐞐,U+10790,literal,腭咽摩擦,click-extipa-diacritics-012,
extipa-chart-2025,附加符号 / velopharyngeal friction example,1,diacritics,s𐞐,extipa-diacritics-013,s𐞐,U+0073 U+10790,literal,腭咽摩擦（示例）,click-extipa-diacritics-013,
extipa-chart-2025,附加符号 / velopharyngeal friction example,1,diacritics,ʒ𐞐,extipa-diacritics-014,ʒ𐞐,U+0292 U+10790,literal,腭咽摩擦（示例）,click-extipa-diacritics-014,
extipa-chart-2025,附加符号 / main gesture offset right,1,diacritics,◌͔,extipa-diacritics-015,͔,U+0354,combining,主要构音偏右,click-extipa-diacritics-015,
extipa-chart-2025,附加符号 / main gesture offset right example,1,diacritics,s͔,extipa-diacritics-016,s͔,U+0073 U+0354,literal,主要构音偏右（示例）,click-extipa-diacritics-016,
extipa-chart-2025,附加符号 / main gesture offset left,1,diacritics,◌͕,extipa-diacritics-017,͕,U+0355,combining,主要构音偏左,click-extipa-diacritics-017,
extipa-chart-2025,附加符号 / main gesture offset left example,1,diacritics,s͕,extipa-diacritics-018,s͕,U+0073 U+0355,literal,主要构音偏左（示例）,click-extipa-diacritics-018,
extipa-chart-2025,附加符号 / whistled articulation,1,diacritics,◌͎,extipa-diacritics-019,͎,U+034E,combining,吹哨式构音,click-extipa-diacritics-019,
extipa-chart-2025,附加符号 / whistled articulation example,1,diacritics,s͎,extipa-diacritics-020,s͎,U+0073 U+034E,literal,吹哨式构音（示例）,click-extipa-diacritics-020,
extipa-chart-2025,附加符号 / reiteration,1,diacritics,\,extipa-diacritics-021,\,U+005C,literal,重复构音,click-extipa-diacritics-021,
extipa-chart-2025,附加符号 / reiteration example,1,diacritics,p\p\p,extipa-diacritics-022,p\p\p,U+0070 U+005C U+0070 U+005C U+0070,literal,重复构音（示例）,click-extipa-diacritics-022,
extipa-chart-2025,附加符号 / ingressive airflow,1,diacritics,↓,extipa-diacritics-023,↓,U+2193,literal,吸气气流,click-extipa-diacritics-023,
extipa-chart-2025,附加符号 / ingressive airflow example,1,diacritics,p↓,extipa-diacritics-024,p↓,U+0070 U+2193,literal,吸气气流（示例）,click-extipa-diacritics-024,
extipa-chart-2025,附加符号 / sliding articulation,1,diacritics,θ͢s,extipa-diacritics-025,͢,U+0362,bridge,滑动构音,click-extipa-diacritics-025,
extipa-chart-2025,附加符号 / sliding articulation example,1,diacritics,θ͢s,extipa-diacritics-026,θ͢s,U+03B8 U+0362 U+0073,literal,滑动构音（示例）,click-extipa-diacritics-026,
extipa-chart-2025,发声与送气 / pre-voicing,1,voicing,ˬ◌,extipa-voicing-001,ˬ,U+02EC,literal,预浊化,click-extipa-voicing-001,
extipa-chart-2025,发声与送气 / pre-voicing example,1,voicing,ˬz,extipa-voicing-002,ˬz,U+02EC U+007A,literal,预浊化（示例）,click-extipa-voicing-002,
extipa-chart-2025,发声与送气 / post-voicing,1,voicing,◌ˬ,extipa-voicing-003,ˬ,U+02EC,literal,后浊化,click-extipa-voicing-003,
extipa-chart-2025,发声与送气 / post-voicing example,1,voicing,zˬ,extipa-voicing-004,zˬ,U+007A U+02EC,literal,后浊化（示例）,click-extipa-voicing-004,
extipa-chart-2025,发声与送气 / post-creak,1,voicing,◌˷,extipa-voicing-005,˷,U+02F7,literal,后嘎裂,click-extipa-voicing-005,
extipa-chart-2025,发声与送气 / post-creak example,1,voicing,a˷,extipa-voicing-006,a˷,U+0061 U+02F7,literal,后嘎裂（示例）,click-extipa-voicing-006,
extipa-chart-2025,发声与送气 / partial devoicing,1,voicing,◌̥᪽,extipa-voicing-007,̥᪽,U+0325 U+1ABD,combining,部分清化,click-extipa-voicing-007,
extipa-chart-2025,发声与送气 / partial devoicing example,1,voicing,z̥᪽,extipa-voicing-008,z̥᪽,U+007A U+0325 U+1ABD,literal,部分清化（示例）,click-extipa-voicing-008,
extipa-chart-2025,发声与送气 / partial devoicing above,1,voicing,◌̊᪻,extipa-voicing-009,̊᪻,U+030A U+1ABB,combining,部分清化（上置）,click-extipa-voicing-009,
extipa-chart-2025,发声与送气 / partial devoicing above example,1,voicing,ʒ̊᪻,extipa-voicing-010,ʒ̊᪻,U+0292 U+030A U+1ABB,literal,部分清化（上置）（示例）,click-extipa-voicing-010,
extipa-chart-2025,发声与送气 / partial voicing,1,voicing,◌̬᪽,extipa-voicing-011,̬᪽,U+032C U+1ABD,combining,部分浊化,click-extipa-voicing-011,
extipa-chart-2025,发声与送气 / partial voicing example,1,voicing,s̬᪽,extipa-voicing-012,s̬᪽,U+0073 U+032C U+1ABD,literal,部分浊化（示例）,click-extipa-voicing-012,
extipa-chart-2025,发声与送气 / initial partial devoicing,1,voicing,◌̥᫃,extipa-voicing-013,̥᫃,U+0325 U+1AC3,combining,起始部分清化,click-extipa-voicing-013,
extipa-chart-2025,发声与送气 / initial partial devoicing example,1,voicing,z̥᫃,extipa-voicing-014,z̥᫃,U+007A U+0325 U+1AC3,literal,起始部分清化（示例）,click-extipa-voicing-014,
extipa-chart-2025,发声与送气 / initial partial devoicing above,1,voicing,◌̊᫁,extipa-voicing-015,̊᫁,U+030A U+1AC1,combining,起始部分清化（上置）,click-extipa-voicing-015,
extipa-chart-2025,发声与送气 / initial partial devoicing above example,1,voicing,ʒ̊᫁,extipa-voicing-016,ʒ̊᫁,U+0292 U+030A U+1AC1,literal,起始部分清化（上置）（示例）,click-extipa-voicing-016,
extipa-chart-2025,发声与送气 / initial partial voicing,1,voicing,◌̬᫃,extipa-voicing-017,̬᫃,U+032C U+1AC3,combining,起始部分浊化,click-extipa-voicing-017,
extipa-chart-2025,发声与送气 / initial partial voicing example,1,voicing,s̬᫃,extipa-voicing-018,s̬᫃,U+0073 U+032C U+1AC3,literal,起始部分浊化（示例）,click-extipa-voicing-018,
extipa-chart-2025,发声与送气 / final partial devoicing,1,voicing,◌̥᫄,extipa-voicing-019,̥᫄,U+0325 U+1AC4,combining,末尾部分清化,click-extipa-voicing-019,
extipa-chart-2025,发声与送气 / final partial devoicing example,1,voicing,z̥᫄,extipa-voicing-020,z̥᫄,U+007A U+0325 U+1AC4,literal,末尾部分清化（示例）,click-extipa-voicing-020,
extipa-chart-2025,发声与送气 / final partial devoicing above,1,voicing,◌̊᫂,extipa-voicing-021,̊᫂,U+030A U+1AC2,combining,末尾部分清化（上置）,click-extipa-voicing-021,
extipa-chart-2025,发声与送气 / final partial devoicing above example,1,voicing,ʒ̊᫂,extipa-voicing-022,ʒ̊᫂,U+0292 U+030A U+1AC2,literal,末尾部分清化（上置）（示例）,click-extipa-voicing-022,
extipa-chart-2025,发声与送气 / final partial voicing,1,voicing,◌̬᫄,extipa-voicing-023,̬᫄,U+032C U+1AC4,combining,末尾部分浊化,click-extipa-voicing-023,
extipa-chart-2025,发声与送气 / final partial voicing example,1,voicing,s̬᫄,extipa-voicing-024,s̬᫄,U+0073 U+032C U+1AC4,literal,末尾部分浊化（示例）,click-extipa-voicing-024,
extipa-chart-2025,发声与送气 / pre-aspiration,1,voicing,ʰ◌,extipa-voicing-025,ʰ,U+02B0,literal,预送气,click-extipa-voicing-025,
extipa-chart-2025,发声与送气 / pre-aspiration example,1,voicing,ʰp,extipa-voicing-026,ʰp,U+02B0 U+0070,literal,预送气（示例）,click-extipa-voicing-026,
extipa-chart-2025,发声与送气 / unaspirated,1,voicing,◌˭,extipa-voicing-027,˭,U+02ED,literal,无送气,click-extipa-voicing-027,
extipa-chart-2025,发声与送气 / unaspirated example,1,voicing,p˭,extipa-voicing-028,p˭,U+0070 U+02ED,literal,无送气（示例）,click-extipa-voicing-028,
extipa-chart-2025,发声与送气 / long aspiration,1,voicing,◌ʰʰ,extipa-voicing-029,ʰʰ,U+02B0 U+02B0,literal,长送气（双 h）,click-extipa-voicing-029,
extipa-chart-2025,发声与送气 / long aspiration example,1,voicing,tʰʰ,extipa-voicing-030,tʰʰ,U+0074 U+02B0 U+02B0,literal,长送气（双 h）（示例）,click-extipa-voicing-030,
extipa-chart-2025,发声与送气 / long aspiration with length,1,voicing,◌ʰ𐞁,extipa-voicing-031,ʰ𐞁,U+02B0 U+10781,literal,长送气（时长）,click-extipa-voicing-031,
extipa-chart-2025,发声与送气 / long aspiration with length example,1,voicing,tʰ𐞁,extipa-voicing-032,tʰ𐞁,U+0074 U+02B0 U+10781,literal,长送气（时长）（示例）,click-extipa-voicing-032,
extipa-chart-2025,节奏、响度与速度 / pause,1,rhythm,(.),extipa-rhythm-001,(.),U+0028 U+002E U+0029,literal,短停顿,click-extipa-rhythm-001,
extipa-chart-2025,节奏、响度与速度 / pause,1,rhythm,(..),extipa-rhythm-002,(..),U+0028 U+002E U+002E U+0029,literal,中等停顿,click-extipa-rhythm-002,
extipa-chart-2025,节奏、响度与速度 / pause,1,rhythm,(...),extipa-rhythm-003,(...),U+0028 U+002E U+002E U+002E U+0029,literal,长停顿,click-extipa-rhythm-003,
extipa-chart-2025,节奏、响度与速度 / pause,1,rhythm,(1.3 sec),extipa-rhythm-004,(1.3 sec),U+0028 U+0031 U+002E U+0033 U+0020 U+0073 U+0065 U+0063 U+0029,literal,定时停顿,click-extipa-rhythm-004,
extipa-chart-2025,节奏、响度与速度 / loud,1,rhythm,f,extipa-rhythm-005,f,U+0066,literal,较响标签,click-extipa-rhythm-005,
extipa-chart-2025,节奏、响度与速度 / loud span,1,rhythm,{f …},extipa-rhythm-006,{f  f},U+007B U+0066 U+0020 U+0020 U+0066 U+007D,paired-span,较响范围,click-extipa-rhythm-006,
extipa-chart-2025,节奏、响度与速度 / loud span example,1,rhythm,{f laʊd f},extipa-rhythm-007,{f laʊd f},U+007B U+0066 U+0020 U+006C U+0061 U+028A U+0064 U+0020 U+0066 U+007D,literal,较响范围（示例）,click-extipa-rhythm-007,
extipa-chart-2025,节奏、响度与速度 / louder,1,rhythm,ff,extipa-rhythm-008,ff,U+0066 U+0066,literal,更响标签,click-extipa-rhythm-008,
extipa-chart-2025,节奏、响度与速度 / louder span,1,rhythm,{ff …},extipa-rhythm-009,{ff  ff},U+007B U+0066 U+0066 U+0020 U+0020 U+0066 U+0066 U+007D,paired-span,更响范围,click-extipa-rhythm-009,
extipa-chart-2025,节奏、响度与速度 / louder span example,1,rhythm,{ff laʊdə ff},extipa-rhythm-010,{ff laʊdə ff},U+007B U+0066 U+0066 U+0020 U+006C U+0061 U+028A U+0064 U+0259 U+0020 U+0066 U+0066 U+007D,literal,更响范围（示例）,click-extipa-rhythm-010,
extipa-chart-2025,节奏、响度与速度 / quiet,1,rhythm,p,extipa-rhythm-011,p,U+0070,literal,较轻标签,click-extipa-rhythm-011,
extipa-chart-2025,节奏、响度与速度 / quiet span,1,rhythm,{p …},extipa-rhythm-012,{p  p},U+007B U+0070 U+0020 U+0020 U+0070 U+007D,paired-span,较轻范围,click-extipa-rhythm-012,
extipa-chart-2025,节奏、响度与速度 / quiet span example,1,rhythm,{p kwaɪət p},extipa-rhythm-013,{p kwaɪət p},U+007B U+0070 U+0020 U+006B U+0077 U+0061 U+026A U+0259 U+0074 U+0020 U+0070 U+007D,literal,较轻范围（示例）,click-extipa-rhythm-013,
extipa-chart-2025,节奏、响度与速度 / quieter,1,rhythm,pp,extipa-rhythm-014,pp,U+0070 U+0070,literal,更轻标签,click-extipa-rhythm-014,
extipa-chart-2025,节奏、响度与速度 / quieter span,1,rhythm,{pp …},extipa-rhythm-015,{pp  pp},U+007B U+0070 U+0070 U+0020 U+0020 U+0070 U+0070 U+007D,paired-span,更轻范围,click-extipa-rhythm-015,
extipa-chart-2025,节奏、响度与速度 / quieter span example,1,rhythm,{pp kwaɪətə pp},extipa-rhythm-016,{pp kwaɪətə pp},U+007B U+0070 U+0070 U+0020 U+006B U+0077 U+0061 U+026A U+0259 U+0074 U+0259 U+0020 U+0070 U+0070 U+007D,literal,更轻范围（示例）,click-extipa-rhythm-016,
extipa-chart-2025,节奏、响度与速度 / fast,1,rhythm,allegro,extipa-rhythm-017,allegro,U+0061 U+006C U+006C U+0065 U+0067 U+0072 U+006F,literal,快速标签,click-extipa-rhythm-017,
extipa-chart-2025,节奏、响度与速度 / fast span,1,rhythm,{allegro …},extipa-rhythm-018,{allegro  allegro},U+007B U+0061 U+006C U+006C U+0065 U+0067 U+0072 U+006F U+0020 U+0020 U+0061 U+006C U+006C U+0065 U+0067 U+0072 U+006F U+007D,paired-span,快速范围,click-extipa-rhythm-018,
extipa-chart-2025,节奏、响度与速度 / fast span example,1,rhythm,{allegro fɑst allegro},extipa-rhythm-019,{allegro fɑst allegro},U+007B U+0061 U+006C U+006C U+0065 U+0067 U+0072 U+006F U+0020 U+0066 U+0251 U+0073 U+0074 U+0020 U+0061 U+006C U+006C U+0065 U+0067 U+0072 U+006F U+007D,literal,快速范围（示例）,click-extipa-rhythm-019,
extipa-chart-2025,节奏、响度与速度 / slow,1,rhythm,lento,extipa-rhythm-020,lento,U+006C U+0065 U+006E U+0074 U+006F,literal,缓慢标签,click-extipa-rhythm-020,
extipa-chart-2025,节奏、响度与速度 / slow span,1,rhythm,{lento …},extipa-rhythm-021,{lento  lento},U+007B U+006C U+0065 U+006E U+0074 U+006F U+0020 U+0020 U+006C U+0065 U+006E U+0074 U+006F U+007D,paired-span,缓慢范围,click-extipa-rhythm-021,
extipa-chart-2025,节奏、响度与速度 / slow span example,1,rhythm,{lento sloʊ lento},extipa-rhythm-022,{lento sloʊ lento},U+007B U+006C U+0065 U+006E U+0074 U+006F U+0020 U+0073 U+006C U+006F U+028A U+0020 U+006C U+0065 U+006E U+0074 U+006F U+007D,literal,缓慢范围（示例）,click-extipa-rhythm-022,
extipa-chart-2025,节奏、响度与速度 / crescendo,1,rhythm,crescendo,extipa-rhythm-023,crescendo,U+0063 U+0072 U+0065 U+0073 U+0063 U+0065 U+006E U+0064 U+006F,literal,渐强标签,click-extipa-rhythm-023,
extipa-chart-2025,节奏、响度与速度 / crescendo span,1,rhythm,{crescendo …},extipa-rhythm-024,{crescendo  crescendo},U+007B U+0063 U+0072 U+0065 U+0073 U+0063 U+0065 U+006E U+0064 U+006F U+0020 U+0020 U+0063 U+0072 U+0065 U+0073 U+0063 U+0065 U+006E U+0064 U+006F U+007D,paired-span,渐强范围,click-extipa-rhythm-024,
extipa-chart-2025,节奏、响度与速度 / rallentando,1,rhythm,rallentando,extipa-rhythm-025,rallentando,U+0072 U+0061 U+006C U+006C U+0065 U+006E U+0074 U+0061 U+006E U+0064 U+006F,literal,渐慢标签,click-extipa-rhythm-025,
extipa-chart-2025,节奏、响度与速度 / rallentando span,1,rhythm,{rallentando …},extipa-rhythm-026,{rallentando  rallentando},U+007B U+0072 U+0061 U+006C U+006C U+0065 U+006E U+0074 U+0061 U+006E U+0064 U+006F U+0020 U+0020 U+0072 U+0061 U+006C U+006C U+0065 U+006E U+0074 U+0061 U+006E U+0064 U+006F U+007D,paired-span,渐慢范围,click-extipa-rhythm-026,
extipa-chart-2025,不确定性、无声构音与外来噪声 / indeterminate sound,1,uncertainty,◯,extipa-uncertainty-001,◯,U+25EF,literal,不能确定的声音,click-extipa-uncertainty-001,
extipa-chart-2025,不确定性、无声构音与外来噪声 / indeterminate consonant,1,uncertainty,C⃝,extipa-uncertainty-002,C⃝,U+0043 U+20DD,literal,不确定辅音,click-extipa-uncertainty-002,
extipa-chart-2025,不确定性、无声构音与外来噪声 / indeterminate obstruent,1,uncertainty,Ȼ⃝,extipa-uncertainty-003,Ȼ⃝,U+023B U+20DD,literal,不确定阻碍音,click-extipa-uncertainty-003,
extipa-chart-2025,不确定性、无声构音与外来噪声 / indeterminate fricative,1,uncertainty,F⃝,extipa-uncertainty-004,F⃝,U+0046 U+20DD,literal,不确定擦音,click-extipa-uncertainty-004,
extipa-chart-2025,不确定性、无声构音与外来噪声 / indeterminate liquid,1,uncertainty,L⃝,extipa-uncertainty-005,L⃝,U+004C U+20DD,literal,不确定流音,click-extipa-uncertainty-005,
extipa-chart-2025,不确定性、无声构音与外来噪声 / indeterminate glide,1,uncertainty,G⃝,extipa-uncertainty-006,G⃝,U+0047 U+20DD,literal,不确定滑音,click-extipa-uncertainty-006,
extipa-chart-2025,不确定性、无声构音与外来噪声 / indeterminate nasal,1,uncertainty,N⃝,extipa-uncertainty-007,N⃝,U+004E U+20DD,literal,不确定鼻音,click-extipa-uncertainty-007,
extipa-chart-2025,不确定性、无声构音与外来噪声 / indeterminate plosive,1,uncertainty,P⃝,extipa-uncertainty-008,P⃝,U+0050 U+20DD,literal,不确定塞音,click-extipa-uncertainty-008,
extipa-chart-2025,不确定性、无声构音与外来噪声 / indeterminate rhotic or resonant,1,uncertainty,R⃝,extipa-uncertainty-009,R⃝,U+0052 U+20DD,literal,不确定r 类音／响音,click-extipa-uncertainty-009,
extipa-chart-2025,不确定性、无声构音与外来噪声 / indeterminate sibilant,1,uncertainty,S⃝,extipa-uncertainty-010,S⃝,U+0053 U+20DD,literal,不确定咝音,click-extipa-uncertainty-010,
extipa-chart-2025,不确定性、无声构音与外来噪声 / indeterminate tone or accent,1,uncertainty,T⃝,extipa-uncertainty-011,T⃝,U+0054 U+20DD,literal,不确定声调／重音,click-extipa-uncertainty-011,
extipa-chart-2025,不确定性、无声构音与外来噪声 / indeterminate nasal vowel,1,uncertainty,Ṽ⃝,extipa-uncertainty-012,Ṽ⃝,U+1E7C U+20DD,literal,不确定鼻化元音,click-extipa-uncertainty-012,
extipa-chart-2025,不确定性、无声构音与外来噪声 / indeterminate click,1,uncertainty,Ʞ⃝,extipa-uncertainty-013,Ʞ⃝,U+A7B0 U+20DD,literal,不确定吸气音,click-extipa-uncertainty-013,
extipa-chart-2025,不确定性、无声构音与外来噪声 / indeterminate syllable,1,uncertainty,σ⃝,extipa-uncertainty-014,σ⃝,U+03C3 U+20DD,literal,不确定音节,click-extipa-uncertainty-014,
extipa-chart-2025,不确定性、无声构音与外来噪声 / indeterminate span (text substitute),1,uncertainty,⟅…⟆,extipa-uncertainty-015,⟅⟆,U+27C5 U+27C6,paired-span,不确定片段（文本圈围）,click-extipa-uncertainty-015,原表连续圈围在纯文本中采用 ⟅…⟆ 作为明确标注的替代表示；这两个括号未被本模块宣称为 extIPA 正式新增符号。参见 Miller & Ball 2024 的 Unicode 圈围讨论。
extipa-chart-2025,不确定性、无声构音与外来噪声 / probably n̥ã,1,uncertainty,⟅n̥ã⟆,extipa-uncertainty-016,⟅n̥ã⟆,U+27C5 U+006E U+0325 U+0061 U+0303 U+27C6,literal,可能是 n̥ã（例示）,click-extipa-uncertainty-016,原表连续圈围在纯文本中采用 ⟅…⟆ 作为明确标注的替代表示；这两个括号未被本模块宣称为 extIPA 正式新增符号。参见 Miller & Ball 2024 的 Unicode 圈围讨论。
extipa-chart-2025,不确定性、无声构音与外来噪声 / silent articulation,1,uncertainty,(…),extipa-uncertainty-017,(),U+0028 U+0029,paired-span,无声构音,click-extipa-uncertainty-017,
extipa-chart-2025,不确定性、无声构音与外来噪声 / silent articulation example,1,uncertainty,(ʃ),extipa-uncertainty-018,(ʃ),U+0028 U+0283 U+0029,literal,无声构音（示例）,click-extipa-uncertainty-018,
extipa-chart-2025,不确定性、无声构音与外来噪声 / silent articulation example,1,uncertainty,(m),extipa-uncertainty-019,(m),U+0028 U+006D U+0029,literal,无声构音（示例）,click-extipa-uncertainty-019,
extipa-chart-2025,不确定性、无声构音与外来噪声 / extraneous noise,1,uncertainty,⸨…⸩,extipa-uncertainty-020,⸨⸩,U+2E28 U+2E29,paired-span,外来噪声,click-extipa-uncertainty-020,
extipa-chart-2025,不确定性、无声构音与外来噪声 / extraneous noise example,1,uncertainty,⸨2 sylls⸩,extipa-uncertainty-021,⸨2 sylls⸩,U+2E28 U+0032 U+0020 U+0073 U+0079 U+006C U+006C U+0073 U+2E29,literal,外来噪声（示例）,click-extipa-uncertainty-021,
extipa-chart-2025,不确定性、无声构音与外来噪声 / extraneous noise example,1,uncertainty,⸨2σ⸩,extipa-uncertainty-022,⸨2σ⸩,U+2E28 U+0032 U+03C3 U+2E29,literal,外来噪声（示例）,click-extipa-uncertainty-022,
extipa-chart-2025,不确定性、无声构音与外来噪声 / extraneous noise example,1,uncertainty,⸨cough⸩,extipa-uncertainty-023,⸨cough⸩,U+2E28 U+0063 U+006F U+0075 U+0067 U+0068 U+2E29,literal,外来噪声（示例）,click-extipa-uncertainty-023,
extipa-chart-2025,其他声音 / apical r,1,other,ɹ̺,extipa-other-001,ɹ̺,U+0279 U+033A,literal,舌尖 r,click-extipa-other-001,
extipa-chart-2025,其他声音 / bunched r (molar r),1,other,ɹ̈,extipa-other-002,ɹ̈,U+0279 U+0308,literal,团舌 r,click-extipa-other-002,
extipa-chart-2025,其他声音 / laminal fricative,1,other,s̻,extipa-other-003,s̻,U+0073 U+033B,literal,舌叶清咝音,click-extipa-other-003,
extipa-chart-2025,其他声音 / laminal fricative,1,other,z̻,extipa-other-004,z̻,U+007A U+033B,literal,舌叶浊咝音,click-extipa-other-004,
extipa-chart-2025,其他声音 / lateral fricated release,1,other,d𐞞,extipa-other-005,d𐞞,U+0064 U+1079E,literal,d 的边擦释放,click-extipa-other-005,
extipa-chart-2025,其他声音 / lateral fricated release,1,other,k𐞜,extipa-other-006,k𐞜,U+006B U+1079C,literal,k 的边擦释放,click-extipa-other-006,
extipa-chart-2025,其他声音 / lateral and median release,1,other,t𐞙,extipa-other-007,t𐞙,U+0074 U+10799,literal,t 的边＋中央释放,click-extipa-other-007,
extipa-chart-2025,其他声音 / lateral and median release,1,other,d𐞚,extipa-other-008,d𐞚,U+0064 U+1079A,literal,d 的边＋中央释放,click-extipa-other-008,
extipa-chart-2025,其他声音 / voiceless linguolabial affricate,1,other,t̼͡θ̼,extipa-other-009,t̼͡θ̼,U+0074 U+033C U+0361 U+03B8 U+033C,literal,清舌唇塞擦音,click-extipa-other-009,
extipa-chart-2025,其他声音 / voiced linguolabial affricate,1,other,d̼͡ð̼,extipa-other-010,d̼͡ð̼,U+0064 U+033C U+0361 U+00F0 U+033C,literal,浊舌唇塞擦音,click-extipa-other-010,
extipa-chart-2025,其他声音 / voiceless velodorsal plosive,1,other,𝼃,extipa-other-011,𝼃,U+1DF03,literal,清舌背软腭塞音,click-extipa-other-011,
extipa-chart-2025,其他声音 / voiced velodorsal plosive,1,other,𝼁,extipa-other-012,𝼁,U+1DF01,literal,浊舌背软腭塞音,click-extipa-other-012,
extipa-chart-2025,其他声音 / velodorsal nasal,1,other,𝼇,extipa-other-013,𝼇,U+1DF07,literal,舌背软腭鼻音,click-extipa-other-013,
extipa-chart-2025,其他声音 / sublaminal lower-alveolar percussive,1,other,¡,extipa-other-014,¡,U+00A1,literal,舌下下齿龈叩击音,click-extipa-other-014,
extipa-chart-2025,其他声音 / alveolar click with sublaminal percussive release,1,other,ǃ¡,extipa-other-015,ǃ¡,U+01C3 U+00A1,literal,带舌下叩击释放的齿龈吸气音,click-extipa-other-015,
extipa-chart-2025,其他声音 / buccal interdental trill (raspberry),1,other,ↀ͡r̪͆,extipa-other-016,ↀ͡r̪͆,U+2180 U+0361 U+0072 U+032A U+0346,literal,颊气流齿间颤音,click-extipa-other-016,
extipa-chart-2025,其他声音 / t with bidental aspiration,1,other,tʰ̪͆,extipa-other-017,tʰ̪͆,U+0074 U+02B0 U+032A U+0346,literal,双齿送气 t,click-extipa-other-017,
extipa-chart-2025,其他声音 / sound with no available symbol,1,other,*,extipa-other-018,*,U+002A,literal,暂无可用符号的声音,click-extipa-other-018,
voqs-ball-2018,气流类型 / buccal airstream,169 Figure 2,airstream,ↀ,voqs-airstream-001,ↀ,U+2180,literal,颊气流,click-voqs-airstream-001,
voqs-ball-2018,气流类型 / pulmonic ingressive speech,169 Figure 2,airstream,↓,voqs-airstream-002,↓,U+2193,literal,肺部吸气言语,click-voqs-airstream-002,
voqs-ball-2018,气流类型 / oesophageal airstream,169 Figure 2,airstream,Œ,voqs-airstream-003,Œ,U+0152,literal,食管气流,click-voqs-airstream-003,
voqs-ball-2018,气流类型 / tracheo-oesophageal speech,169 Figure 2,airstream,Ю,voqs-airstream-004,Ю,U+042E,literal,气管–食管言语,click-voqs-airstream-004,
voqs-ball-2018,发声类型 / modal voice,169 Figure 2,phonation,V,voqs-phonation-001,V,U+0056,literal,常态浊声,click-voqs-phonation-001,
voqs-ball-2018,发声类型 / falsetto,169 Figure 2,phonation,F,voqs-phonation-002,F,U+0046,literal,假声,click-voqs-phonation-002,
voqs-ball-2018,发声类型 / whisper,169 Figure 2,phonation,W,voqs-phonation-003,W,U+0057,literal,耳语,click-voqs-phonation-003,
voqs-ball-2018,发声类型 / creak,169 Figure 2,phonation,C,voqs-phonation-004,C,U+0043,literal,嘎裂,click-voqs-phonation-004,
voqs-ball-2018,发声类型 / whispery voice,169 Figure 2,phonation,Ṿ,voqs-phonation-005,Ṿ,U+0056 U+0323,literal,耳语声,click-voqs-phonation-005,
voqs-ball-2018,发声类型 / creaky voice,169 Figure 2,phonation,V̰,voqs-phonation-006,V̰,U+0056 U+0330,literal,嘎裂声,click-voqs-phonation-006,
voqs-ball-2018,发声类型 / breathy voice,169 Figure 2,phonation,V̤,voqs-phonation-007,V̤,U+0056 U+0324,literal,气声,click-voqs-phonation-007,
voqs-ball-2018,发声类型 / harsh voice,169 Figure 2,phonation,V!,voqs-phonation-008,V!,U+0056 U+0021,literal,糙声,click-voqs-phonation-008,
voqs-ball-2018,发声类型 / whispery falsetto,169 Figure 2,phonation,F̣,voqs-phonation-009,F̣,U+0046 U+0323,literal,耳语假声,click-voqs-phonation-009,
voqs-ball-2018,发声类型 / creaky falsetto,169 Figure 2,phonation,F̰,voqs-phonation-010,F̰,U+0046 U+0330,literal,嘎裂假声,click-voqs-phonation-010,
voqs-ball-2018,发声类型 / harsh falsetto,169 Figure 2,phonation,F!,voqs-phonation-011,F!,U+0046 U+0021,literal,糙假声,click-voqs-phonation-011,
voqs-ball-2018,发声类型 / harsh creak,169 Figure 2,phonation,C!,voqs-phonation-012,C!,U+0043 U+0021,literal,糙嘎裂,click-voqs-phonation-012,
voqs-ball-2018,发声类型 / harsh whispery voice,169 Figure 2,phonation,Ṿ!,voqs-phonation-013,Ṿ!,U+0056 U+0323 U+0021,literal,糙耳语声,click-voqs-phonation-013,
voqs-ball-2018,发声类型 / harsh creaky voice,169 Figure 2,phonation,V̰!,voqs-phonation-014,V̰!,U+0056 U+0330 U+0021,literal,糙嘎裂声,click-voqs-phonation-014,
voqs-ball-2018,发声类型 / whispery creaky voice,169 Figure 2,phonation,V̰̣,voqs-phonation-015,V̰̣,U+0056 U+0330 U+0323,literal,耳语嘎裂声,click-voqs-phonation-015,
voqs-ball-2018,发声类型 / harsh whispery creaky voice,169 Figure 2,phonation,V̰̣!,voqs-phonation-016,V̰̣!,U+0056 U+0330 U+0323 U+0021,literal,糙耳语嘎裂声,click-voqs-phonation-016,
voqs-ball-2018,发声类型 / whispery creaky falsetto,169 Figure 2,phonation,F̰̣,voqs-phonation-017,F̰̣,U+0046 U+0330 U+0323,literal,耳语嘎裂假声,click-voqs-phonation-017,
voqs-ball-2018,发声类型 / harsh whispery creaky falsetto,169 Figure 2,phonation,F̰̣!,voqs-phonation-018,F̰̣!,U+0046 U+0330 U+0323 U+0021,literal,糙耳语嘎裂假声,click-voqs-phonation-018,
voqs-ball-2018,发声类型 / slack/lax voice,169 Figure 2,phonation,V͉,voqs-phonation-019,V͉,U+0056 U+0349,literal,弛/松声,click-voqs-phonation-019,
voqs-ball-2018,发声类型 / pressed phonation/tight voice,169 Figure 2,phonation,V͈,voqs-phonation-020,V͈,U+0056 U+0348,literal,挤喉发声/紧声,click-voqs-phonation-020,
voqs-ball-2018,发声类型 / ventricular phonation,169 Figure 2,phonation,V‼,voqs-phonation-021,V‼,U+0056 U+203C,literal,室襞性发声,click-voqs-phonation-021,
voqs-ball-2018,发声类型 / diplophonia,169 Figure 2,phonation,V̬‼,voqs-phonation-022,V̬‼,U+0056 U+032C U+203C,literal,复音,click-voqs-phonation-022,
voqs-ball-2018,发声类型 / whispery ventricular phonation,169 Figure 2,phonation,Ṿ‼,voqs-phonation-023,Ṿ‼,U+0056 U+0323 U+203C,literal,耳语室襞性发声,click-voqs-phonation-023,
voqs-ball-2018,发声类型 / aryepiglottic phonation,169 Figure 2,phonation,V𐞀,voqs-phonation-024,V𐞀,U+0056 U+10780,literal,杓状会厌襞性发声,click-voqs-phonation-024,
voqs-ball-2018,发声类型 / spasmodic dysphonia,169 Figure 2,phonation,ꟿ,voqs-phonation-025,ꟿ,U+A7FF,literal,痉挛性发声障碍,click-voqs-phonation-025,
voqs-ball-2018,发声类型 / electrolarynx phonation,169 Figure 2,phonation,И,voqs-phonation-026,И,U+0418,literal,电子喉发声,click-voqs-phonation-026,
voqs-ball-2018,喉位高度 / raised-larynx voice,169 Figure 2,larynx,L̝,voqs-larynx-001,L̝,U+004C U+031D,literal,喉位偏高声,click-voqs-larynx-001,
voqs-ball-2018,喉位高度 / lowered-larynx voice,169 Figure 2,larynx,L̞,voqs-larynx-002,L̞,U+004C U+031E,literal,喉位偏低声,click-voqs-larynx-002,
voqs-ball-2018,喉上形态 · 唇部形态 / labialized voice (open rounded),169 Figure 2,labial,Vꟹ,voqs-labial-001,Vꟹ,U+0056 U+A7F9,literal,唇化声（开圆唇）,click-voqs-labial-001,
voqs-ball-2018,喉上形态 · 唇部形态 / labialized voice (close rounded),169 Figure 2,labial,Vʷ,voqs-labial-002,Vʷ,U+0056 U+02B7,literal,唇化声（闭圆唇）,click-voqs-labial-002,
voqs-ball-2018,喉上形态 · 唇部形态 / spread-lip voice,169 Figure 2,labial,V͍,voqs-labial-003,V͍,U+0056 U+034D,literal,展唇声,click-voqs-labial-003,
voqs-ball-2018,喉上形态 · 唇部形态 / labio-dentalized voice,169 Figure 2,labial,Vᶹ,voqs-labial-004,Vᶹ,U+0056 U+1DB9,literal,唇齿化声,click-voqs-labial-004,
voqs-ball-2018,喉上形态 · 舌部形态 / linguo-apicalized voice,169 Figure 2,lingual,V̺,voqs-lingual-001,V̺,U+0056 U+033A,literal,舌尖化声,click-voqs-lingual-001,
voqs-ball-2018,喉上形态 · 舌部形态 / linguo-laminalized voice,169 Figure 2,lingual,V̻,voqs-lingual-002,V̻,U+0056 U+033B,literal,舌叶化声,click-voqs-lingual-002,
voqs-ball-2018,喉上形态 · 舌部形态 / retroflex voice,169 Figure 2,lingual,V˞,voqs-lingual-003,V˞,U+0056 U+02DE,literal,卷舌声,click-voqs-lingual-003,
voqs-ball-2018,喉上形态 · 舌部形态 / dentalized voice,169 Figure 2,lingual,V̪,voqs-lingual-004,V̪,U+0056 U+032A,literal,齿化声,click-voqs-lingual-004,
voqs-ball-2018,喉上形态 · 舌部形态 / alveolarized voice,169 Figure 2,lingual,V͇,voqs-lingual-005,V͇,U+0056 U+0347,literal,龈化声,click-voqs-lingual-005,
voqs-ball-2018,喉上形态 · 舌部形态 / palato-alveolarized voice,169 Figure 2,lingual,V͇ʲ,voqs-lingual-006,V͇ʲ,U+0056 U+0347 U+02B2,literal,腭–龈化声,click-voqs-lingual-006,
voqs-ball-2018,喉上形态 · 舌部形态 / palatalized voice,169 Figure 2,lingual,Vʲ,voqs-lingual-007,Vʲ,U+0056 U+02B2,literal,腭化声,click-voqs-lingual-007,
voqs-ball-2018,喉上形态 · 舌部形态 / velarized voice,169 Figure 2,lingual,Vˠ,voqs-lingual-008,Vˠ,U+0056 U+02E0,literal,软腭化声,click-voqs-lingual-008,
voqs-ball-2018,喉上形态 · 舌部形态 / uvularized voice,169 Figure 2,lingual,Vʶ,voqs-lingual-009,Vʶ,U+0056 U+02B6,literal,小舌化声,click-voqs-lingual-009,
voqs-ball-2018,喉上形态 · 舌部形态 / pharyngealized voice,169 Figure 2,lingual,Vˤ,voqs-lingual-010,Vˤ,U+0056 U+02E4,literal,咽化声,click-voqs-lingual-010,
voqs-ball-2018,喉上形态 · 舌部形态 / laryngo-pharyngealized voice,169 Figure 2,lingual,V̙ˤ,voqs-lingual-011,V̙ˤ,U+0056 U+0319 U+02E4,literal,喉–咽化声,click-voqs-lingual-011,
voqs-ball-2018,喉上形态 · 舌部形态 / faucalized voice,169 Figure 2,lingual,Vꟸ,voqs-lingual-012,Vꟸ,U+0056 U+A7F8,literal,咽门化声,click-voqs-lingual-012,
voqs-ball-2018,喉上形态 · 软腭状态 / nasalized voice,169 Figure 2,velum,Ṽ,voqs-velum-001,Ṽ,U+0056 U+0303,literal,鼻化声,click-voqs-velum-001,
voqs-ball-2018,喉上形态 · 软腭状态 / denasalized voice,169 Figure 2,velum,V͊,voqs-velum-002,V͊,U+0056 U+034A,literal,去鼻化声,click-voqs-velum-002,
voqs-ball-2018,喉上形态 · 颌和舌的形态 / open-jaw voice,169 Figure 2,jaw,J̞,voqs-jaw-001,J̞,U+004A U+031E,literal,颌位偏开声,click-voqs-jaw-001,
voqs-ball-2018,喉上形态 · 颌和舌的形态 / close-jaw voice,169 Figure 2,jaw,J̝,voqs-jaw-002,J̝,U+004A U+031D,literal,颌位偏闭声,click-voqs-jaw-002,
voqs-ball-2018,喉上形态 · 颌和舌的形态 / right offset-jaw voice,169 Figure 2,jaw,J͔,voqs-jaw-003,J͔,U+004A U+0354,literal,颌位偏右声,click-voqs-jaw-003,
voqs-ball-2018,喉上形态 · 颌和舌的形态 / left offset-jaw voice,169 Figure 2,jaw,J͕,voqs-jaw-004,J͕,U+004A U+0355,literal,颌位偏左声,click-voqs-jaw-004,
voqs-ball-2018,喉上形态 · 颌和舌的形态 / protruded-jaw voice,169 Figure 2,jaw,J̟,voqs-jaw-005,J̟,U+004A U+031F,literal,颌位突出声,click-voqs-jaw-005,
voqs-ball-2018,喉上形态 · 颌和舌的形态 / protruded-tongue voice,169 Figure 2,jaw,Θ,voqs-jaw-006,Θ,U+0398,literal,舌突出声,click-voqs-jaw-006,
voqs-ball-2018,带标签的大括号和数字 / degree 1,169 Figure 2,scope,1,voqs-scope-001,1,U+0031,literal,较弱程度,click-voqs-scope-001,
voqs-ball-2018,带标签的大括号和数字 / degree 2,169 Figure 2,scope,2,voqs-scope-002,2,U+0032,literal,中等程度,click-voqs-scope-002,
voqs-ball-2018,带标签的大括号和数字 / degree 3,169 Figure 2,scope,3,voqs-scope-003,3,U+0033,literal,较强程度,click-voqs-scope-003,
voqs-ball-2018,带标签的大括号和数字 / scope brace,169 Figure 2,scope,{,voqs-scope-004,{,U+007B,literal,左大括号,click-voqs-scope-004,
voqs-ball-2018,带标签的大括号和数字 / scope brace,169 Figure 2,scope,},voqs-scope-005,},U+007D,literal,右大括号,click-voqs-scope-005,
voqs-ball-2018,带标签的大括号和数字 / empty scope,169 Figure 2,scope,{…},voqs-scope-006,{},U+007B U+007D,paired-span,空范围,click-voqs-scope-006,
voqs-ball-2018,带标签的大括号和数字 / harsh voice span,169 Figure 2,scope,{V! … V!},voqs-scope-007,{V!  V!},U+007B U+0056 U+0021 U+0020 U+0020 U+0056 U+0021 U+007D,paired-span,糙声范围,click-voqs-scope-007,
voqs-ball-2018,带标签的大括号和数字 / degree 3 harsh voice example,169 Figure 2,scope,{3V! ˈvɛɹi ˈhɑ˞ʃ ˈvɔɪs 3V!},voqs-scope-008,{3V! ˈvɛɹi ˈhɑ˞ʃ ˈvɔɪs 3V!},U+007B U+0033 U+0056 U+0021 U+0020 U+02C8 U+0076 U+025B U+0279 U+0069 U+0020 U+02C8 U+0068 U+0251 U+02DE U+0283 U+0020 U+02C8 U+0076 U+0254 U+026A U+0073 U+0020 U+0033 U+0056 U+0021 U+007D,literal,强糙声（原表例句片段）,click-voqs-scope-008,
voqs-ball-2018,带标签的大括号和数字 / complete labelled-brace example,169 Figure 2,scope,[ˈnɔ˞məl …{3V!…}{L̝ 1V!…}],voqs-scope-009,[ˈnɔ˞məl ˈvɔɪs {3V! ˈvɛɹi ˈhɑ˞ʃ ˈvɔɪs 3V!} {L̝ 1V! ˈlɛs ˈhɑ˞ʃ ˈvɔɪs wɪð ˈɹeɪzd ˈlæɹɪŋks 1V! L̝}],U+005B U+02C8 U+006E U+0254 U+02DE U+006D U+0259 U+006C U+0020 U+02C8 U+0076 U+0254 U+026A U+0073 U+0020 U+007B U+0033 U+0056 U+0021 U+0020 U+02C8 U+0076 U+025B U+0279 U+0069 U+0020 U+02C8 U+0068 U+0251 U+02DE U+0283 U+0020 U+02C8 U+0076 U+0254 U+026A U+0073 U+0020 U+0033 U+0056 U+0021 U+007D U+0020 U+007B U+004C U+031D U+0020 U+0031 U+0056 U+0021 U+0020 U+02C8 U+006C U+025B U+0073 U+0020 U+02C8 U+0068 U+0251 U+02DE U+0283 U+0020 U+02C8 U+0076 U+0254 U+026A U+0073 U+0020 U+0077 U+026A U+00F0 U+0020 U+02C8 U+0279 U+0065 U+026A U+007A U+0064 U+0020 U+02C8 U+006C U+00E6 U+0279 U+026A U+014B U+006B U+0073 U+0020 U+0031 U+0056 U+0021 U+0020 U+004C U+031D U+007D U+005D,literal,音质范围（原表完整例句）,click-voqs-scope-009,
