"编号","范围","要求","验收方法","当前状态"
"DUAL-01","独立工程","新工程有自己的前端入口、后端、配置和构建；不导入旧网页仓库","在没有旧网页仓库的干净环境构建并运行","设计提案 / 未实施 / 未验证"
"DUAL-02","公共前端","桌面与服务器站点使用同一版本公共页面包","同一提交的页面包连接两种运行环境","in_progress: M01/M02/M09限定Windows证据见docs/testing/m01-final-review.md及m02-m09-report.md; 不能代表全15模块或全部平台"
"DUAL-03","主题与品牌","U2、深浅主题、K2和15模块注册一致","两模式逐模块检查入口、主题和控件可到达性","in_progress: M01/M02/M09限定Windows证据见docs/testing/m01-final-review.md及m02-m09-report.md; 不能代表全15模块或全部平台"
"DUAL-04","核心包独立性","科学核心不依赖GUI或相邻v2源码目录","独立安装核心包并运行固定样例","设计提案 / 未实施 / 未验证"
"DUAL-05","版本与数值","任务记录核心/模型版本和配置快照","两模式固定语料结果对照并审查容差","in_progress: M01/M02/M09限定Windows证据见docs/testing/m01-final-review.md及m02-m09-report.md; 不能代表全15模块或全部平台"
"DUAL-06","任务配置隔离","不同用户和任务不共享可变SettingsService单例","并发修改两组不同F0配置，结果分别对应","设计提案 / 未实施 / 未验证"
"DUAL-07","接口契约","前后端按版本化请求响应模型交互","契约验证覆盖参数单位、错误和能力声明","in_progress: M01/M02/M09限定Windows证据见docs/testing/m01-final-review.md及m02-m09-report.md; 不能代表全15模块或全部平台"
"DUAL-08","本地文件适配","桌面使用明确授权的路径，页面只操作资源对象","选择/保存/取消/无权限均返回真实结果","in_progress: M01/M02/M09限定Windows证据见docs/testing/m01-final-review.md及m02-m09-report.md; 不能代表全15模块或全部平台"
"DUAL-09","服务器文件适配","上传得到资源ID，下载经过资源归属检查","验证同名侧文件关联、路径越界和跨项目访问","in_progress: M01/M02/M09限定Windows证据见docs/testing/m01-final-review.md及m02-m09-report.md; 不能代表全15模块或全部平台"
"DUAL-10","缺失值与时间","NaN、时间轴与单位有合法且无歧义的传输表示","JSON合法；前端不把缺失帧画成零","in_progress: M01/M02/M09限定Windows证据见docs/testing/m01-final-review.md及m02-m09-report.md; 不能代表全15模块或全部平台"
"DUAL-11","长音频显示","概览/细节请求不改变真实采样坐标","长音频缩放与选区导出逐样例对照","设计提案 / 未实施 / 未验证"
"DUAL-12","服务器长任务","按需求持久化任务状态，独立工作进程处理重计算","关闭浏览器/重启API后不误报完成或丢失已保存状态","in_progress: M01/M02/M09限定Windows证据见docs/testing/m01-final-review.md及m02-m09-report.md; 不能代表全15模块或全部平台"
"DUAL-13","取消与重复提交","任务取消真实且仅作用于所属任务","重复请求、部分输出、取消中和完成竞态可复核","in_progress: M01/M02/M09限定Windows证据见docs/testing/m01-final-review.md及m02-m09-report.md; 不能代表全15模块或全部平台"
"DUAL-14","身份与项目","部署模式有访问控制，多人时隔离资源归属","甲不能通过任务ID读取乙的语料或结果","in_progress: M01/M02/M09限定Windows证据见docs/testing/m01-final-review.md及m02-m09-report.md; 不能代表全15模块或全部平台"
"DUAL-15","存储与清理","上传限制、配额、保存期限与主动清理明确","超限反馈可操作；清理范围不包含无关语料","设计提案 / 未实施 / 未验证"
"DUAL-16","PKL输入边界","不对任意上传文件执行不受限反序列化","受限读取或安全交换格式有恶意/兼容样例验证","设计提案 / 未实施 / 未验证"
"DUAL-17","浏览器采集","HTTPS与权限流程，设备能力明确报告","支持浏览器实测录音/摄像头与取消权限","设计提案 / 未实施 / 未验证"
"DUAL-18","科研时序","刺激预加载，播放和反应计时在客户端","网络延迟不参与刺激间隔；记录实际时间误差","设计提案 / 未实施 / 未验证"
"DUAL-19","原生声道","目标服务器/桌面OS原生引擎可用","原生库匹配、关键帧输出及实时路径分别验证","verified: Windows本机限定范围已迁移; docs/testing/m10-report.md; server/macOS/Linux planned"
"DUAL-20","双端发行","Windows安装/免安装与独立站点；声明的Mac/Linux能力","干净环境独立运行，所有模块缺口显式列出","设计提案 / 未实施 / 未验证"
