"编号","模块","性质","功能","要求","设计位置","验收标准","来源","当前状态"
"M01-01","参数估计","保留既有功能","目录与文件","输入目录、输出目录、浏览、xlsx 与 wav 同目录；刷新与文件多选","顶部目录条＋左侧文件栏","同目录勾选后输出路径同步输入并禁用独立编辑；取消勾选后可指定输出。","parameter_estimation_widget.py","verified: Windows有界桌面/托管Chrome; docs/testing/m01-final-review.md; macOS/Linux planned"
"M01-02","参数估计","保留既有功能","关联与切分","读取 TextGrid、TextGrid 切分、切分层选择、保存切分音频、读取唇形数据","波形上方关联工具栏＋TextGrid 层级条","层级改变同步刷新分段；保存切分音频仍是独立动作，不与参数导出混淆。","parameter_estimation_widget.py","verified: Windows有界桌面/托管Chrome; docs/testing/m01-final-review.md; macOS/Linux planned"
"M01-03","参数估计","保留既有功能","参数选择","80 项独立参数、全选、全不选、确定、取消、参数说明","右侧摘要＋完整参数抽屉","摘要分组不合并参数键；pF0/rF0 及校正变体可分别勾选。","parameter_estimation_widget.py","verified: Windows有界桌面/托管Chrome; docs/testing/m01-final-review.md; macOS/Linux planned"
"M01-04","参数估计","保留既有功能","完整设置","10 项常用设置＋4 项 REAPER 设置、保存、关闭","设置抽屉的两个页签","保留参数默认值、范围与单位；REAPER 设置不当作 Praat 通用设置。","parameter_estimation_widget.py","verified: Windows有界桌面/托管Chrome; docs/testing/m01-final-review.md; macOS/Linux planned"
"M01-05","参数估计","保留既有功能","浏览与试听","波形缩放、平移、播放选中音频、停止","中央图＋底部播放条","文件选择服务于试听；采样点与秒的转换使用同一时间模型。","parameter_estimation_widget.py","verified: Windows有界桌面/托管Chrome; docs/testing/m01-final-review.md; macOS/Linux planned"
"M01-06","参数估计","保留既有功能","全列表处理","开始处理、进度、取消、失败详情","底部任务条","原有处理范围为整个文件列表；显式写“处理列表中的 N 个文件”，不得改成仅处理勾选项。","parameter_estimation_widget.py","verified: Windows有界桌面/托管Chrome; docs/testing/m01-final-review.md; macOS/Linux planned"
"M02-01","参数显示","保留既有功能","载入既有结果","WAV 目录、XLSX 目录、浏览、音频筛选、刷新、选择文件","左侧资源栏","可以直接读取既有参数表，不要求重新做参数估计。","parameter_display_widget.py","verified: Windows参数读取/同区叠加/批量多窗; docs/testing/m02-m09-report.md; PNG整幅导出未实现; macOS/Linux planned"
"M02-02","参数显示","保留既有功能","参数与过滤","参数搜索、多选、reaper、correction 两个独立开关","右侧参数栏","筛选只改变候选项可见性，不静默修改已选参数或混合两个开关的含义。","parameter_display_widget.py","verified: Windows参数读取/同区叠加/批量多窗; docs/testing/m02-m09-report.md; PNG整幅导出未实现; macOS/Linux planned"
"M02-03","参数显示","保留既有功能","参数叠加显示","波形、多个参数曲线、语谱图、共享时间轴","上方波形与下方叠加图窗","同窗曲线共享绘图区及纵轴，旧量级规则可自动双轴；分窗显式分配，时间同步。","parameter_display_widget.py","verified: Windows参数读取/同区叠加/批量多窗; docs/testing/m02-m09-report.md; PNG整幅导出未实现; macOS/Linux planned"
"M02-04","参数显示","保留既有功能","时间操作","可视范围、位置滑条、缩放、平移、选区","图顶导航＋底部读数","视窗时长、全文件时长、选区时长分开显示，0.8–1.2 秒必须对应真实坐标。","parameter_display_widget.py","verified: Windows参数读取/同区叠加/批量多窗; docs/testing/m02-m09-report.md; PNG整幅导出未实现; macOS/Linux planned"
"M02-05","参数显示","保留既有功能","输出与帮助","播放及选区播放、保存图片、参数说明、帮助、关闭","播放条＋页面标题栏","保存目标明确为当前图；关闭仅关闭模块页。","parameter_display_widget.py","verified: Windows参数读取/同区叠加/批量多窗; docs/testing/m02-m09-report.md; PNG整幅导出未实现; macOS/Linux planned"
"M03-01","EGG 信号分析","保留既有功能","文件与声道","打开 WAV、交换左右声道、帮助","标题下工具栏","交换后音频与 EGG 的角色标签同步变化，重新分析状态可见。","egg_widget.py","未实施 / 未验证"
"M03-02","EGG 信号分析","保留既有功能","波形与频谱","音频/EGG 微观波形、语谱图、原始/滤波波形、滤波阈值、谱窗","中央图＋右侧显示设置","原始/滤波模式有文字标识，保留各图的显示范围与单位。","egg_widget.py","未实施 / 未验证"
"M03-03","EGG 信号分析","保留既有功能","事件与参数","CQ/SQ、声门移动、GCI/GOI 斜率/尺度方法、峰谷阈值及自动模式","右侧事件分析组","方法切换和自动阈值不相互覆盖；CQ/SQ 与事件标记同步更新。","egg_widget.py","未实施 / 未验证"
"M03-04","EGG 信号分析","保留既有功能","F0 与逆滤波","Praat F0、GCI 校正 F0、逆滤波及阶数","右侧参数组＋结果轨","保留两类 F0 的独立显示；逆滤波失败提示原因并保留原始分析。","egg_widget.py","未实施 / 未验证"
"M03-05","EGG 信号分析","保留既有功能","时间与输出","起点、时长、缩放、全局时间轴、更新视图、播放、停止、保存分析","中央导航＋底栏","拖动选区与数值输入相互同步；保存内容保持原 CSV/图像输出语义。","egg_widget.py","未实施 / 未验证"
"M03-06","EGG 信号分析","保留既有功能","批处理","输入输出目录、交换声道、GCI/GOI 方法、保留两种 F0、生成图片、开始及取消","批处理抽屉","批处理设置能完整查看，不把单文件当前选区误用于所有文件。","egg_widget.py","未实施 / 未验证"
"M04-01","LPC 谱图","保留既有功能","文件与标注","输入输出目录、浏览、刷新、文件列表、读取 TextGrid","目录条＋左栏＋关联工具栏","TextGrid 标注与波形选区联动，文件切换不沿用不匹配的标注。","lpc_spectrum_widget.py","未实施 / 未验证"
"M04-02","LPC 谱图","保留既有功能","LPC 设置","LPC 阶数、频率上限、dB 上下限、动态 y 轴","右侧参数栏","动态范围与手动范围的启用关系明确，单位始终可见。","lpc_spectrum_widget.py","未实施 / 未验证"
"M04-03","LPC 谱图","保留既有功能","处理与视图","开始处理、返回波形图、波形区间选择与标签联动","中央主图＋处理栏","处理前后选区可追踪；返回波形不清空已计算的结果。","lpc_spectrum_widget.py","未实施 / 未验证"
"M04-04","LPC 谱图","保留既有功能","试听与导出","播放、停止、高 DPI 图像导出、帮助","底栏＋结果工具栏","导出 DPI 与屏幕缩放分开；原始谱图和 LPC 曲线图例可辨。","lpc_spectrum_widget.py","未实施 / 未验证"
"M05-01","唇形提取","保留既有功能","设备与存储","保存路径、摄像头、音频输入、刷新设备","左侧设备栏","刷新不静默改选当前设备；设备名称与系统默认项可区分。","lip_gui.py","未实施 / 未验证"
"M05-02","唇形提取","保留既有功能","实时计算","防抖低通滤波、截止频率、实时参数计算、停止计算并保存","右侧参数＋底部任务栏","计算和保存状态分别显示，采样/FPS 与丢帧情况按真实数据报告。","lip_gui.py","未实施 / 未验证"
"M05-03","唇形提取","保留既有功能","录制模式","原始视频录制、停止录制并保存、高帧率先录后算","顶部模式选择＋底部主操作","三种采集路径互斥启动，按钮名称能区分录制视频和计算参数。","lip_gui.py","未实施 / 未验证"
"M05-04","唇形提取","保留既有功能","离线识别","上传视频并识别、识别进度与结果","左侧模式＋中央预览","离线文件不占用摄像头；错误定位到输入视频或缺失工具。","lip_gui.py","未实施 / 未验证"
"M05-05","唇形提取","保留既有功能","音唇偏移","手动 offset、应用偏移并保存、保存但不应用偏移、取消","完成后的同步确认面板","三个动作保留各自含义；取消不覆盖原始语料。","lip_gui.py","未实施 / 未验证"
"M05-06","唇形提取","保留既有功能","回放与导出","唇形动画回放、播放、视频/GIF、高清/标准/小体积、关闭、帮助","页内回放视图","关闭回放返回采集页；导出不改原始记录。","lip_gui.py","未实施 / 未验证"
"M06-01","语音合成","保留既有功能","基础输入","总时长、IPA 元音序列、淡入淡出、平滑、F0 范围与应用","顶部输入栏＋右侧基础设置","保留现有 IPA 序列规则与单位，非法表达式定位到输入位置。","speech_synthesis_widget.py","未实施 / 未验证"
"M06-02","语音合成","保留既有功能","曲线编辑","参数选择、曲线编辑、Override curve、范围重置、清空参数","左侧列表＋中央编辑器","曲线覆盖开关与基础参数关系明确；清空只作用于当前合成参数。","speech_synthesis_widget.py","未实施 / 未验证"
"M06-03","语音合成","保留既有功能","视图","波形/语谱图切换、窗长、范围","中央预览工具栏","视图切换不触发无提示的重新合成；结果对应的参数状态可追溯。","speech_synthesis_widget.py","未实施 / 未验证"
"M06-04","语音合成","保留既有功能","生成与试听","生成元音、合成、播放、导出音频","底部动作条","生成元音与合成保留独立入口，未合成结果不能被误播放为最新结果。","speech_synthesis_widget.py","未实施 / 未验证"
"M06-05","语音合成","保留既有功能","提取与规则","加载音频、提取参数、元音规则、辅音规则、发声类型预设","上方导入工具＋规则页签","提取结果与手工编辑明确衔接；应用预设前保留修改提示。","speech_synthesis_widget.py","未实施 / 未验证"
"M06-06","语音合成","保留既有功能","参数文件","导入参数、导出参数、帮助","参数工具栏","往返导入导出保持字段、单位与曲线数据，不只保存截图。","speech_synthesis_widget.py","未实施 / 未验证"
"M07-01","发声类型合成","保留既有功能","文件","源音频、目标音频、输出目录","顶部路径区","源与目标角色始终显示，不允许仅凭颜色判断。","phonation_synthesis_widget.py","未实施 / 未验证"
"M07-02","发声类型合成","保留既有功能","F0 分析","parselmouth/reaper、最小最大 F0、F0 帧隔、提取 F0","右侧分析组","切换分析配置标记旧结果失效；缺失 REAPER 时说明当前后端不可用。","phonation_synthesis_widget.py","未实施 / 未验证"
"M07-03","发声类型合成","保留既有功能","连续统与对齐","仅 F0、仅发声类型、二者同时；时长归一化或仅有声起点对齐；步数与编辑点数","右侧连续统组","三种连续统和两种对齐方式全部可选，保持现有语义。","phonation_synthesis_widget.py","未实施 / 未验证"
"M07-04","发声类型合成","保留既有功能","合成参数","LPC 阶数、窗长/帧移（点）、窗函数、预加重、负峰阈值、脉冲内外范围、静音阈值/留白、有声边界、峰值限制","右侧可滚动高级设置","窗长/帧移按原模块使用采样点，不能因全局样式统一误标为毫秒。","phonation_synthesis_widget.py","未实施 / 未验证"
"M07-05","发声类型合成","保留既有功能","幅度策略","周期能量匹配、输出响度匹配源音频","合成设置尾部","两个独立开关分别保留，并记录到结果配置。","phonation_synthesis_widget.py","未实施 / 未验证"
"M07-06","发声类型合成","保留既有功能","编辑与输出","对齐时间/源 F0/目标 F0 表、应用编辑、保存 F0 CSV、生成当前/全部、取消任务、参数说明","中央表＋底部生成区","当前与全部的输出范围清楚；任务取消保持已完成结果并报告未完成部分。","phonation_synthesis_widget.py","未实施 / 未验证"
"M08-01","变速变调","保留既有功能","单文件操作","加载音频、语速倍率、当前视野原音播放、当前视野合成、合成音播放、保存并编号","顶部控制＋底栏","当前视野与整段音频处理范围区分；保存编号沿用现有规则。","pitch_manipulation_widget.py","未实施 / 未验证"
"M08-02","变速变调","保留既有功能","曲线与参照","F0 范围应用、频率参考线添加/清除、保存对比图、导入基频序列","中央编辑器＋右侧工具","导入不静默重置视野；基频单位和时间基准可见。","pitch_manipulation_widget.py","未实施 / 未验证"
"M08-03","变速变调","保留既有功能","本批次文件","删除本批次音频、批量重命名、历史对比","结果列表的文件管理菜单","删除列出明确文件和范围；不能扩大为语料目录全部文件。","pitch_manipulation_widget.py","未实施 / 未验证"
"M08-04","变速变调","保留既有功能","批量变速变调","输入文件夹、处理参数、开始、关闭","批量工具子页","逐文件报告输出与失败，不以一个成功样例代表全批成功。","pitch_manipulation_widget.py","未实施 / 未验证"
"M08-05","变速变调","保留既有功能","批量基频","起止时间、起止 F0 列表、拐点时间和 F0 列表、添加/清除/编辑拐点、直线插值、升降偏移、生成保存","批量基频子页","四种连接方式全连接/顺序/逆序/常量保留；起点终点的编辑约束沿用源码。","pitch_manipulation_widget.py","未实施 / 未验证"
"M08-06","变速变调","保留既有功能","拐点表与帮助","添加行、删除选中、保存更改、关闭、帮助","拐点表子视图＋标题栏","删除拐点不删除音频文件；两种删除动作使用不同文案。","pitch_manipulation_widget.py","未实施 / 未验证"
"M09-01","语谱图转音频","保留既有功能","图片输入","选择语谱图、图像选区","左侧原始图区＋导入按钮","图像坐标与数据坐标分别处理，保留可调整选区。","spec2wav_widget.py","verified: Windows文件输入/托管Chrome; docs/testing/m02-m09-report.md; 截图设备另测; macOS/Linux planned"
"M09-02","语谱图转音频","保留既有功能","范围标定","起止时间、起止频率、窗宽","右侧标定设置","起点小于终点，s/Hz/ms 单位明确；不使用图片像素直接冒充频率。","spec2wav_widget.py","verified: Windows文件输入/托管Chrome; docs/testing/m02-m09-report.md; 截图设备另测; macOS/Linux planned"
"M09-03","语谱图转音频","保留既有功能","重建与对照","语谱图转音频、原始/生成语谱图对照","中央双图＋底部主动作","重建结果与当前标定关联，修改标定后旧结果有状态提示。","spec2wav_widget.py","verified: Windows文件输入/托管Chrome; docs/testing/m02-m09-report.md; 截图设备另测; macOS/Linux planned"
"M09-04","语谱图转音频","保留既有功能","结果操作","播放、导出、帮助","底栏＋页头","展示这是图像重建得到的音频；不把它宣称为恢复原始录音。","spec2wav_widget.py","verified: Windows文件输入/托管Chrome; docs/testing/m02-m09-report.md; 截图设备另测; macOS/Linux planned"
"M10-01","声道工作台","保留既有功能","观察视图","矢状面/三维、头部/鼻腔/牙齿/标注、查看整头、重置视角、缩放平移、器官/气腔/叠加","中央视图顶部工具","模型几何与科学含义不因皮肤变化而改变，保留完整交互区域。","vocal_tract/index.html","verified: Windows本机限定范围已迁移; docs/testing/m10-report.md; server/macOS/Linux planned"
"M10-02","声道工作台","保留既有功能","构形编辑","舌头、唇与下颌、软腭、唇宽、腭咽口、保持元音口腔通路","右侧器官页签","不同器官分组仍可访问；保留拖动控制点与数值映射。","vocal_tract/index.html","verified: Windows本机限定范围已迁移; docs/testing/m10-report.md; server/macOS/Linux planned"
"M10-03","声道工作台","保留既有功能","编辑历史","撤销、重做、重置器官、恢复 /a/","器官操作栏","局部重置与整体恢复区分，撤销不跨模块影响其他编辑。","vocal_tract/index.html","verified: Windows本机限定范围已迁移; docs/testing/m10-report.md; server/macOS/Linux planned"
"M10-04","声道工作台","保留既有功能","声源与音频","输出设备、测试音、浊声/清声/耳语近似、压力/开度/缝隙、弱音增益、音量、F0、持续发声及停止、当前构形试听、/a→i→u/ 试听","右侧声音页签","设备切换与停止真实生效；保持既有声源模型而非用装饰音代替。","vocal_tract/index.html","verified: Windows本机限定范围已迁移; docs/testing/m10-report.md; server/macOS/Linux planned"
"M10-05","声道工作台","保留既有功能","声学与实时图","面积函数、传递函数、截面、舌前中后侧缘；实时波形/语谱图、时长/窗宽/帧移、展开/收起","中央下方可切换区域","展开后仍可停止播放；返回工作台保留构形和监视设置。","vocal_tract/index.html","verified: Windows本机限定范围已迁移; docs/testing/m10-report.md; server/macOS/Linux planned"
"M10-06","声道工作台","保留既有功能","关键帧","保存当前姿势、关键帧列表/前后、动作时长、逐帧 F0、手绘 F0、撤销笔画/恢复、播放动作与声音、停止","右侧关键帧页签＋时间轴","保存当前姿势与保存文件不能混淆；保留姿势序列与 F0 时间映射。","vocal_tract/index.html","verified: Windows本机限定范围已迁移; docs/testing/m10-report.md; server/macOS/Linux planned"
"M10-07","声道工作台","保留既有功能","来源与生命周期","模型与来源、关闭工作台","页顶辅助操作","关闭仅停止本模块拥有的服务/进程；其他模块和用户启动的进程不受影响。","vocal_tract/index.html","verified: Windows本机限定范围已迁移; docs/testing/m10-report.md; server/macOS/Linux planned"
"M11-01","MFA 自动标注","保留既有功能","输入资源","声学模型文件、字典文件、音频目录、输出目录及浏览","左侧表单","路径分别校验，文件与目录选择器类型保持正确。","mfa_auto_alignment_dialog.py","未实施 / 未验证"
"M11-02","MFA 自动标注","保留既有功能","对齐参数","Beam、Retry beam","表单参数组","保留现有 Retry beam 随 Beam 的约束/同步行为；不能单纯改为两个无关联文本框。","mfa_auto_alignment_dialog.py","未实施 / 未验证"
"M11-03","MFA 自动标注","保留既有功能","执行与诊断","开始对齐、运行进度、日志、完成/错误详情、帮助","底部状态＋右侧日志","缺失模型/环境明确指出；日志可回看，失败后保留输入。","mfa_auto_alignment_dialog.py","未实施 / 未验证"
"M11-04","MFA 自动标注","v3 新增提案","新增取消控制","新增：可取消的任务状态与后台进程停止协议","任务条","当前 v2 隐藏了取消按钮；实现前必须验证只终止本任务且不破坏已完成结果。","mfa_auto_alignment_dialog.py","未实施 / 未验证"
"M12-01","语音标注对齐","保留既有功能","语料与层级","文件夹选择、扫描、文件筛选、词层名、音素层名","左侧资源＋右侧层级设置","自定义层名被记住；扫描不自动覆盖未保存标注。","web_praat_editor/index.html","未实施 / 未验证"
"M12-02","语音标注对齐","保留既有功能","标注编辑","播放、波形/语谱图/层级编辑、时间导航、可视时长","中央编辑器＋播放条","词层与音素层保持独立，选区与光标共享时间模型。","web_praat_editor/index.html","未实施 / 未验证"
"M12-03","语音标注对齐","保留既有功能","文本与资源","音素自动填充、上传词典、上传词表、清除词表、词层搜索上/下一项、单个/全部替换","顶部编辑工具＋搜索条","词典与词表是两个资源；替换全部提示影响范围并按设计保留恢复机会。","web_praat_editor/index.html","未实施 / 未验证"
"M12-04","语音标注对齐","保留既有功能","参考复用","选择/清除参考 TextGrid、区间之外/之内/起点之前/之后、起止时间、复用","右侧参考复用组","四个模式都保留，模式变化时说明对应操作区间。","web_praat_editor/index.html","未实施 / 未验证"
"M12-05","语音标注对齐","保留既有功能","强度贴合","强度范围起止、边界内收或外扩毫秒数、强度贴合","搜索条下方强度工具","负数外扩与正数内收语义保留，不将字段限制成仅非负。","web_praat_editor/index.html","未实施 / 未验证"
"M12-06","语音标注对齐","保留既有功能","唇形对齐","唇开/唇宽独立可见性、共用时间偏移、左右微调、保存唇偏","右侧唇形组","只有一个共享 lip_manual_offset，写入原记录 metadata；保存唇偏与保存 TextGrid 独立。","web_praat_editor/index.html","未实施 / 未验证"
"M12-07","语音标注对齐","保留既有功能","标注保存","保存 TextGrid、文件名后缀","页顶保存＋右侧保存设置","后缀留空代表覆盖原文件，应明确显示目标与覆盖行为。","web_praat_editor/index.html","未实施 / 未验证"
"M13-01","普通话转 IPA","保留既有功能","转换内容","汉字输入、音标结果、11 种既有标准","左侧输入＋右侧标准","保留原全部标准及多音等说明；本轮不更换转换规则。","ipa_trans/ipa_converter.html","未实施 / 未验证"
"M13-02","普通话转 IPA","保留既有功能","文字排版","汉字字号、音标字号、字音距离、行距、粗体、斜体、下划线","右侧排版组","汉字与 IPA 字号独立；组合附加符号不截断。","ipa_trans/ipa_converter.html","未实施 / 未验证"
"M13-03","普通话转 IPA","保留既有功能","显示方式","仅音标/字音同显、横向/上下排布","结果上方显示工具","切换布局不清空原文，结果可重新布局。","ipa_trans/ipa_converter.html","未实施 / 未验证"
"M13-04","普通话转 IPA","保留既有功能","输出与帮助","保存图片、帮助与提示","页顶动作栏","导出字体和符号完整；把在线 html2canvas 依赖本地化后验证断网导出。","ipa_trans/ipa_converter.html","未实施 / 未验证"
"M14-01","音系归纳","保留既有功能","导入与策略","XLSX/XLS/CSV/TXT/TSV、是否跳过首行、单辅音按零声母字或空韵字处理","导入步骤","保留源码的表头选择与两种单辅音策略；取消不覆盖当前已载数据。","phonology_induction_widget.py","未实施 / 未验证"
"M14-02","音系归纳","保留既有功能","调值与调类","调值顺序拖动、调类名称、调值归并映射、确定/取消","调类与调值步骤","展示映射和最终顺序；这是既有对话框功能，不能遗漏。","phonology_induction_widget.py","未实施 / 未验证"
"M14-03","音系归纳","保留既有功能","声韵排序","声母/韵母列表、Ctrl/Shift 多选、拖动排序","声韵步骤","排序影响最终文档顺序，并保留多选操作。","phonology_induction_widget.py","未实施 / 未验证"
"M14-04","音系归纳","保留既有功能","声韵归并","选中源音标、选择归并、点击目标音标、声母/韵母归并、确认/取消","声韵步骤工具栏","归并映射可审阅，不直接改写输入语料。","phonology_induction_widget.py","未实施 / 未验证"
"M14-05","音系归纳","保留既有功能","结果生成","选择输出目录、生成正序/逆序两份 DOCX 与同音字矩阵 XLSX、帮助","结果步骤","成功列出三份文件，保留文件类型与原有内容语义。","phonology_induction_widget.py","未实施 / 未验证"
"M15-01","感知实验","保留既有功能","实验范式","X、AX、ABX、AXB","页首范式选择","完整保持刺激播放顺序与作答规则，切换时处理不兼容序列。","perception_experiment/perception_experiment.html","未实施 / 未验证"
"M15-02","感知实验","保留既有功能","音频素材","音频数据库、上传、分组与试听预览","素材页签","资源失联给出具体文件；不静默把同名不同文件当作同一刺激。","perception_experiment/perception_experiment.html","未实施 / 未验证"
"M15-03","感知实验","保留既有功能","播放序列","生成、编辑、排序、随机洗牌、全局或指定含首尾范围洗牌","序列页签","范围外试次顺序保持；编辑与洗牌后的当前序列可审阅。","perception_experiment/perception_experiment.html","未实施 / 未验证"
"M15-04","感知实验","保留既有功能","参数与按键","试次间隔、ISI、指导语、全局按键、按试次范围覆盖的分段按键、阶段提示","参数页签","未被分段覆盖的试次使用全局按键；音频播放期间的作答限制沿用现有规则。","perception_experiment/perception_experiment.html","未实施 / 未验证"
"M15-05","感知实验","保留既有功能","问卷","问卷设置及实验中的呈现","问卷页签＋正式流程","题目、答案与反应结果保持关联，不因主题切换重置。","perception_experiment/perception_experiment.html","未实施 / 未验证"
"M15-06","感知实验","保留既有功能","资源与配置","资源助手、XLSX 导入导出、保存/加载项目配置","资源助手＋页顶文件动作","加载配置与素材匹配分开反馈；缺素材时不误报可以正式运行。","perception_experiment/perception_experiment.html","未实施 / 未验证"
"M15-07","感知实验","保留既有功能","实验运行与结果","开始实验、指导语/阶段提示、正式试次、反应记录、结果导出","专注呈现视图＋完成页","正式试次不被侧栏快捷键抢走按键；反应时定义与原实现保持一致。","perception_experiment/perception_experiment.html","未实施 / 未验证"
"SHELL-01","统一外壳","v3 设计要求","主页和15个模块入口","主页和15个模块入口","主页、侧栏和搜索由同一注册表生成","浅色/深色、展开/收起状态下15模块均可到达","设计稿第2–12节","未实施 / 未验证"
"SHELL-02","统一外壳","v3 设计要求","页面切换保留状态","页面切换保留状态","标签页和页面宿主","切换后文件、输入、选区、缩放和运行任务保持","设计稿第2–12节","未实施 / 未验证"
"SHELL-03","统一外壳","v3 设计要求","关闭与保存","关闭与保存","每个模块的关闭协议","有未保存数据提示保存/放弃/返回；关闭模块不退出全软件","设计稿第2–12节","未实施 / 未验证"
"SHELL-04","主题","v3 设计要求","Qt/网页/图表统一主题","Qt/网页/图表统一主题","侧栏浅色深色开关与设置","所有组件同步切换，算法数据不变，不刷新网页丢状态","设计稿第2–12节","未实施 / 未验证"
"SHELL-05","布局","v3 设计要求","小窗口与高DPI","小窗口与高DPI","收起栏、滚动区、参数抽屉","1024×640至1440×900及指定缩放下控件可到达","设计稿第2–12节","未实施 / 未验证"
"SHELL-06","主页","v3 设计要求","首次启动","首次启动","只有主页标签和真实空最近列表","不自动打开工具、不计算、不录制、不播放","设计稿第2–12节","未实施 / 未验证"
"SHELL-07","播放","v3 设计要求","普通试听互斥","普通试听互斥","播放控制与资源所有者","新试听停止旧试听；正式实验与采集冲突明确处理","设计稿第2–12节","未实施 / 未验证"
"SHELL-08","任务","v3 设计要求","真实进度与取消能力","真实进度与取消能力","TaskManager和各模块","取消仅影响当前任务，不误杀同名进程","设计稿第2–12节","未实施 / 未验证"
"SHELL-09","帮助","v3 设计要求","设置/说明/更新/关于","设置/说明/更新/关于","侧栏底部及帮助页","辅助入口在小窗口/收起状态仍可访问","设计稿第2–12节","未实施 / 未验证"
"WEB-01","网页整合","v3 设计要求","4网页模块和HTML帮助内嵌","4网页模块和HTML帮助内嵌","WebPageHost","不依靠跳到外部浏览器冒充内嵌完成","设计稿第2–12节","未实施 / 未验证"
"WEB-02","网页整合","v3 设计要求","文件选择与保存","文件选择与保存","受限文件桥和本地服务","选取、下载、保存、错误响应可复核","设计稿第2–12节","未实施 / 未验证"
"WEB-03","网页整合","v3 设计要求","离线静态依赖","离线静态依赖","感知实验、IPA及资源构建","断网启动、播放、项目读写、导图均成功","设计稿第2–12节","未实施 / 未验证"
"WEB-04","网页整合","v3 设计要求","主题与页面状态","主题与页面状态","页面实例生命周期","主题切换和标签切换不清空未保存编辑","设计稿第2–12节","未实施 / 未验证"
"DATA-01","数据","v3 设计要求","原格式与数值保留","原格式与数值保留","服务和计算核心","固定语料v2/v3结果对照，无未解释数值差异","设计稿第2–12节","未实施 / 未验证"
"DATA-02","数据","v3 设计要求","配置与语料分离","配置与语料分离","系统用户目录和用户输出路径","更新/卸载不默认删除语料，保存真实目标","设计稿第2–12节","未实施 / 未验证"
"DIST-01","Windows安装版","v3 设计要求","安装/启动/升级/卸载","安装/启动/升级/卸载","Setup.exe","干净环境安装成功；快捷方式正确；用户数据保留","设计稿第2–12节","未实施 / 未验证"
"DIST-02","Windows免安装版","v3 设计要求","双击直接使用","双击直接使用","Portable.exe","无额外Python/手动服务；全模块与安装版同功能","设计稿第2–12节","未实施 / 未验证"
"DIST-03","macOS","v3 设计要求","依赖与架构","依赖与架构","独立macOS构建","声明架构上的15模块及权限、音视频实测通过","设计稿第2–12节","未实施 / 未验证"
"DIST-04","Linux","v3 设计要求","依赖与发行版","依赖与发行版","独立Linux构建","声明发行版上的15模块及音视频实测通过","设计稿第2–12节","未实施 / 未验证"
"BRAND-01","品牌","v3 设计要求","K2 波形团子","K2 波形团子","图标、主页、安装器","统一来源；各平台及各尺寸没有裁边或不可辨细节","设计稿第2–12节","未实施 / 未验证"
"PARAM-01","参数估计 / 参数显示","保留既有独立参数","F0 - Praat","保留独立参数键 pF0","完整参数选择与显示列表","可独立选择；导出键名和数值语义与v2一致；深浅主题不影响数据","phonetic_toolbox/services/acoustic_service.py:PARAMETER_MAPPING","未实施 / 未验证"
"PARAM-02","参数估计 / 参数显示","保留既有独立参数","F0 - REAPER","保留独立参数键 rF0","完整参数选择与显示列表","可独立选择；导出键名和数值语义与v2一致；深浅主题不影响数据","phonetic_toolbox/services/acoustic_service.py:PARAMETER_MAPPING","未实施 / 未验证"
"PARAM-03","参数估计 / 参数显示","保留既有独立参数","F1 - Praat","保留独立参数键 pF1","完整参数选择与显示列表","可独立选择；导出键名和数值语义与v2一致；深浅主题不影响数据","phonetic_toolbox/services/acoustic_service.py:PARAMETER_MAPPING","未实施 / 未验证"
"PARAM-04","参数估计 / 参数显示","保留既有独立参数","F2 - Praat","保留独立参数键 pF2","完整参数选择与显示列表","可独立选择；导出键名和数值语义与v2一致；深浅主题不影响数据","phonetic_toolbox/services/acoustic_service.py:PARAMETER_MAPPING","未实施 / 未验证"
"PARAM-05","参数估计 / 参数显示","保留既有独立参数","F3 - Praat","保留独立参数键 pF3","完整参数选择与显示列表","可独立选择；导出键名和数值语义与v2一致；深浅主题不影响数据","phonetic_toolbox/services/acoustic_service.py:PARAMETER_MAPPING","未实施 / 未验证"
"PARAM-06","参数估计 / 参数显示","保留既有独立参数","F4 - Praat","保留独立参数键 pF4","完整参数选择与显示列表","可独立选择；导出键名和数值语义与v2一致；深浅主题不影响数据","phonetic_toolbox/services/acoustic_service.py:PARAMETER_MAPPING","未实施 / 未验证"
"PARAM-07","参数估计 / 参数显示","保留既有独立参数","B1 - Praat","保留独立参数键 pB1","完整参数选择与显示列表","可独立选择；导出键名和数值语义与v2一致；深浅主题不影响数据","phonetic_toolbox/services/acoustic_service.py:PARAMETER_MAPPING","未实施 / 未验证"
"PARAM-08","参数估计 / 参数显示","保留既有独立参数","B2 - Praat","保留独立参数键 pB2","完整参数选择与显示列表","可独立选择；导出键名和数值语义与v2一致；深浅主题不影响数据","phonetic_toolbox/services/acoustic_service.py:PARAMETER_MAPPING","未实施 / 未验证"
"PARAM-09","参数估计 / 参数显示","保留既有独立参数","B3 - Praat","保留独立参数键 pB3","完整参数选择与显示列表","可独立选择；导出键名和数值语义与v2一致；深浅主题不影响数据","phonetic_toolbox/services/acoustic_service.py:PARAMETER_MAPPING","未实施 / 未验证"
"PARAM-10","参数估计 / 参数显示","保留既有独立参数","B4 - Praat","保留独立参数键 pB4","完整参数选择与显示列表","可独立选择；导出键名和数值语义与v2一致；深浅主题不影响数据","phonetic_toolbox/services/acoustic_service.py:PARAMETER_MAPPING","未实施 / 未验证"
"PARAM-11","参数估计 / 参数显示","保留既有独立参数","H1 (pF0)","保留独立参数键 H1_pF0","完整参数选择与显示列表","可独立选择；导出键名和数值语义与v2一致；深浅主题不影响数据","phonetic_toolbox/services/acoustic_service.py:PARAMETER_MAPPING","未实施 / 未验证"
"PARAM-12","参数估计 / 参数显示","保留既有独立参数","H1 (rF0)","保留独立参数键 H1_rF0","完整参数选择与显示列表","可独立选择；导出键名和数值语义与v2一致；深浅主题不影响数据","phonetic_toolbox/services/acoustic_service.py:PARAMETER_MAPPING","未实施 / 未验证"
"PARAM-13","参数估计 / 参数显示","保留既有独立参数","H2 (pF0)","保留独立参数键 H2_pF0","完整参数选择与显示列表","可独立选择；导出键名和数值语义与v2一致；深浅主题不影响数据","phonetic_toolbox/services/acoustic_service.py:PARAMETER_MAPPING","未实施 / 未验证"
"PARAM-14","参数估计 / 参数显示","保留既有独立参数","H2 (rF0)","保留独立参数键 H2_rF0","完整参数选择与显示列表","可独立选择；导出键名和数值语义与v2一致；深浅主题不影响数据","phonetic_toolbox/services/acoustic_service.py:PARAMETER_MAPPING","未实施 / 未验证"
"PARAM-15","参数估计 / 参数显示","保留既有独立参数","H4 (pF0)","保留独立参数键 H4_pF0","完整参数选择与显示列表","可独立选择；导出键名和数值语义与v2一致；深浅主题不影响数据","phonetic_toolbox/services/acoustic_service.py:PARAMETER_MAPPING","未实施 / 未验证"
"PARAM-16","参数估计 / 参数显示","保留既有独立参数","H4 (rF0)","保留独立参数键 H4_rF0","完整参数选择与显示列表","可独立选择；导出键名和数值语义与v2一致；深浅主题不影响数据","phonetic_toolbox/services/acoustic_service.py:PARAMETER_MAPPING","未实施 / 未验证"
"PARAM-17","参数估计 / 参数显示","保留既有独立参数","A1 (pF0)","保留独立参数键 A1_pF0","完整参数选择与显示列表","可独立选择；导出键名和数值语义与v2一致；深浅主题不影响数据","phonetic_toolbox/services/acoustic_service.py:PARAMETER_MAPPING","未实施 / 未验证"
"PARAM-18","参数估计 / 参数显示","保留既有独立参数","A1 (rF0)","保留独立参数键 A1_rF0","完整参数选择与显示列表","可独立选择；导出键名和数值语义与v2一致；深浅主题不影响数据","phonetic_toolbox/services/acoustic_service.py:PARAMETER_MAPPING","未实施 / 未验证"
"PARAM-19","参数估计 / 参数显示","保留既有独立参数","A2 (pF0)","保留独立参数键 A2_pF0","完整参数选择与显示列表","可独立选择；导出键名和数值语义与v2一致；深浅主题不影响数据","phonetic_toolbox/services/acoustic_service.py:PARAMETER_MAPPING","未实施 / 未验证"
"PARAM-20","参数估计 / 参数显示","保留既有独立参数","A2 (rF0)","保留独立参数键 A2_rF0","完整参数选择与显示列表","可独立选择；导出键名和数值语义与v2一致；深浅主题不影响数据","phonetic_toolbox/services/acoustic_service.py:PARAMETER_MAPPING","未实施 / 未验证"
"PARAM-21","参数估计 / 参数显示","保留既有独立参数","A3 (pF0)","保留独立参数键 A3_pF0","完整参数选择与显示列表","可独立选择；导出键名和数值语义与v2一致；深浅主题不影响数据","phonetic_toolbox/services/acoustic_service.py:PARAMETER_MAPPING","未实施 / 未验证"
"PARAM-22","参数估计 / 参数显示","保留既有独立参数","A3 (rF0)","保留独立参数键 A3_rF0","完整参数选择与显示列表","可独立选择；导出键名和数值语义与v2一致；深浅主题不影响数据","phonetic_toolbox/services/acoustic_service.py:PARAMETER_MAPPING","未实施 / 未验证"
"PARAM-23","参数估计 / 参数显示","保留既有独立参数","H1-H2 (pF0)","保留独立参数键 H1H2u_pF0","完整参数选择与显示列表","可独立选择；导出键名和数值语义与v2一致；深浅主题不影响数据","phonetic_toolbox/services/acoustic_service.py:PARAMETER_MAPPING","未实施 / 未验证"
"PARAM-24","参数估计 / 参数显示","保留既有独立参数","H1-H2 (rF0)","保留独立参数键 H1H2u_rF0","完整参数选择与显示列表","可独立选择；导出键名和数值语义与v2一致；深浅主题不影响数据","phonetic_toolbox/services/acoustic_service.py:PARAMETER_MAPPING","未实施 / 未验证"
"PARAM-25","参数估计 / 参数显示","保留既有独立参数","H2-H4 (pF0)","保留独立参数键 H2H4u_pF0","完整参数选择与显示列表","可独立选择；导出键名和数值语义与v2一致；深浅主题不影响数据","phonetic_toolbox/services/acoustic_service.py:PARAMETER_MAPPING","未实施 / 未验证"
"PARAM-26","参数估计 / 参数显示","保留既有独立参数","H2-H4 (rF0)","保留独立参数键 H2H4u_rF0","完整参数选择与显示列表","可独立选择；导出键名和数值语义与v2一致；深浅主题不影响数据","phonetic_toolbox/services/acoustic_service.py:PARAMETER_MAPPING","未实施 / 未验证"
"PARAM-27","参数估计 / 参数显示","保留既有独立参数","H1-A1 (pF0)","保留独立参数键 H1A1u_pF0","完整参数选择与显示列表","可独立选择；导出键名和数值语义与v2一致；深浅主题不影响数据","phonetic_toolbox/services/acoustic_service.py:PARAMETER_MAPPING","未实施 / 未验证"
"PARAM-28","参数估计 / 参数显示","保留既有独立参数","H1-A1 (rF0)","保留独立参数键 H1A1u_rF0","完整参数选择与显示列表","可独立选择；导出键名和数值语义与v2一致；深浅主题不影响数据","phonetic_toolbox/services/acoustic_service.py:PARAMETER_MAPPING","未实施 / 未验证"
"PARAM-29","参数估计 / 参数显示","保留既有独立参数","H1-A2 (pF0)","保留独立参数键 H1A2u_pF0","完整参数选择与显示列表","可独立选择；导出键名和数值语义与v2一致；深浅主题不影响数据","phonetic_toolbox/services/acoustic_service.py:PARAMETER_MAPPING","未实施 / 未验证"
"PARAM-30","参数估计 / 参数显示","保留既有独立参数","H1-A2 (rF0)","保留独立参数键 H1A2u_rF0","完整参数选择与显示列表","可独立选择；导出键名和数值语义与v2一致；深浅主题不影响数据","phonetic_toolbox/services/acoustic_service.py:PARAMETER_MAPPING","未实施 / 未验证"
"PARAM-31","参数估计 / 参数显示","保留既有独立参数","H1-A3 (pF0)","保留独立参数键 H1A3u_pF0","完整参数选择与显示列表","可独立选择；导出键名和数值语义与v2一致；深浅主题不影响数据","phonetic_toolbox/services/acoustic_service.py:PARAMETER_MAPPING","未实施 / 未验证"
"PARAM-32","参数估计 / 参数显示","保留既有独立参数","H1-A3 (rF0)","保留独立参数键 H1A3u_rF0","完整参数选择与显示列表","可独立选择；导出键名和数值语义与v2一致；深浅主题不影响数据","phonetic_toolbox/services/acoustic_service.py:PARAMETER_MAPPING","未实施 / 未验证"
"PARAM-33","参数估计 / 参数显示","保留既有独立参数","H1*-A1* (pF0)","保留独立参数键 H1A1c_pF0","完整参数选择与显示列表","可独立选择；导出键名和数值语义与v2一致；深浅主题不影响数据","phonetic_toolbox/services/acoustic_service.py:PARAMETER_MAPPING","未实施 / 未验证"
"PARAM-34","参数估计 / 参数显示","保留既有独立参数","H1*-A1* (rF0)","保留独立参数键 H1A1c_rF0","完整参数选择与显示列表","可独立选择；导出键名和数值语义与v2一致；深浅主题不影响数据","phonetic_toolbox/services/acoustic_service.py:PARAMETER_MAPPING","未实施 / 未验证"
"PARAM-35","参数估计 / 参数显示","保留既有独立参数","H1*-A2* (pF0)","保留独立参数键 H1A2c_pF0","完整参数选择与显示列表","可独立选择；导出键名和数值语义与v2一致；深浅主题不影响数据","phonetic_toolbox/services/acoustic_service.py:PARAMETER_MAPPING","未实施 / 未验证"
"PARAM-36","参数估计 / 参数显示","保留既有独立参数","H1*-A2* (rF0)","保留独立参数键 H1A2c_rF0","完整参数选择与显示列表","可独立选择；导出键名和数值语义与v2一致；深浅主题不影响数据","phonetic_toolbox/services/acoustic_service.py:PARAMETER_MAPPING","未实施 / 未验证"
"PARAM-37","参数估计 / 参数显示","保留既有独立参数","H1*-A3* (pF0)","保留独立参数键 H1A3c_pF0","完整参数选择与显示列表","可独立选择；导出键名和数值语义与v2一致；深浅主题不影响数据","phonetic_toolbox/services/acoustic_service.py:PARAMETER_MAPPING","未实施 / 未验证"
"PARAM-38","参数估计 / 参数显示","保留既有独立参数","H1*-A3* (rF0)","保留独立参数键 H1A3c_rF0","完整参数选择与显示列表","可独立选择；导出键名和数值语义与v2一致；深浅主题不影响数据","phonetic_toolbox/services/acoustic_service.py:PARAMETER_MAPPING","未实施 / 未验证"
"PARAM-39","参数估计 / 参数显示","保留既有独立参数","H1*-H2* (pF0)","保留独立参数键 H1H2c_pF0","完整参数选择与显示列表","可独立选择；导出键名和数值语义与v2一致；深浅主题不影响数据","phonetic_toolbox/services/acoustic_service.py:PARAMETER_MAPPING","未实施 / 未验证"
"PARAM-40","参数估计 / 参数显示","保留既有独立参数","H1*-H2* (rF0)","保留独立参数键 H1H2c_rF0","完整参数选择与显示列表","可独立选择；导出键名和数值语义与v2一致；深浅主题不影响数据","phonetic_toolbox/services/acoustic_service.py:PARAMETER_MAPPING","未实施 / 未验证"
"PARAM-41","参数估计 / 参数显示","保留既有独立参数","H2*-H4* (pF0)","保留独立参数键 H2H4c_pF0","完整参数选择与显示列表","可独立选择；导出键名和数值语义与v2一致；深浅主题不影响数据","phonetic_toolbox/services/acoustic_service.py:PARAMETER_MAPPING","未实施 / 未验证"
"PARAM-42","参数估计 / 参数显示","保留既有独立参数","H2*-H4* (rF0)","保留独立参数键 H2H4c_rF0","完整参数选择与显示列表","可独立选择；导出键名和数值语义与v2一致；深浅主题不影响数据","phonetic_toolbox/services/acoustic_service.py:PARAMETER_MAPPING","未实施 / 未验证"
"PARAM-43","参数估计 / 参数显示","保留既有独立参数","2K (pF0)","保留独立参数键 H2K_pF0","完整参数选择与显示列表","可独立选择；导出键名和数值语义与v2一致；深浅主题不影响数据","phonetic_toolbox/services/acoustic_service.py:PARAMETER_MAPPING","未实施 / 未验证"
"PARAM-44","参数估计 / 参数显示","保留既有独立参数","2K (rF0)","保留独立参数键 H2K_rF0","完整参数选择与显示列表","可独立选择；导出键名和数值语义与v2一致；深浅主题不影响数据","phonetic_toolbox/services/acoustic_service.py:PARAMETER_MAPPING","未实施 / 未验证"
"PARAM-45","参数估计 / 参数显示","保留既有独立参数","5K (pF0)","保留独立参数键 H5K_pF0","完整参数选择与显示列表","可独立选择；导出键名和数值语义与v2一致；深浅主题不影响数据","phonetic_toolbox/services/acoustic_service.py:PARAMETER_MAPPING","未实施 / 未验证"
"PARAM-46","参数估计 / 参数显示","保留既有独立参数","5K (rF0)","保留独立参数键 H5K_rF0","完整参数选择与显示列表","可独立选择；导出键名和数值语义与v2一致；深浅主题不影响数据","phonetic_toolbox/services/acoustic_service.py:PARAMETER_MAPPING","未实施 / 未验证"
"PARAM-47","参数估计 / 参数显示","保留既有独立参数","H4-2K (pF0)","保留独立参数键 H42Ku_pF0","完整参数选择与显示列表","可独立选择；导出键名和数值语义与v2一致；深浅主题不影响数据","phonetic_toolbox/services/acoustic_service.py:PARAMETER_MAPPING","未实施 / 未验证"
"PARAM-48","参数估计 / 参数显示","保留既有独立参数","H4-2K (rF0)","保留独立参数键 H42Ku_rF0","完整参数选择与显示列表","可独立选择；导出键名和数值语义与v2一致；深浅主题不影响数据","phonetic_toolbox/services/acoustic_service.py:PARAMETER_MAPPING","未实施 / 未验证"
"PARAM-49","参数估计 / 参数显示","保留既有独立参数","2K-5K (pF0)","保留独立参数键 H2KH5Ku_pF0","完整参数选择与显示列表","可独立选择；导出键名和数值语义与v2一致；深浅主题不影响数据","phonetic_toolbox/services/acoustic_service.py:PARAMETER_MAPPING","未实施 / 未验证"
"PARAM-50","参数估计 / 参数显示","保留既有独立参数","2K-5K (rF0)","保留独立参数键 H2KH5Ku_rF0","完整参数选择与显示列表","可独立选择；导出键名和数值语义与v2一致；深浅主题不影响数据","phonetic_toolbox/services/acoustic_service.py:PARAMETER_MAPPING","未实施 / 未验证"
"PARAM-51","参数估计 / 参数显示","保留既有独立参数","H4*-2K* (pF0)","保留独立参数键 H42Kc_pF0","完整参数选择与显示列表","可独立选择；导出键名和数值语义与v2一致；深浅主题不影响数据","phonetic_toolbox/services/acoustic_service.py:PARAMETER_MAPPING","未实施 / 未验证"
"PARAM-52","参数估计 / 参数显示","保留既有独立参数","H4*-2K* (rF0)","保留独立参数键 H42Kc_rF0","完整参数选择与显示列表","可独立选择；导出键名和数值语义与v2一致；深浅主题不影响数据","phonetic_toolbox/services/acoustic_service.py:PARAMETER_MAPPING","未实施 / 未验证"
"PARAM-53","参数估计 / 参数显示","保留既有独立参数","2K*-5K* (pF0)","保留独立参数键 H2KH5Kc_pF0","完整参数选择与显示列表","可独立选择；导出键名和数值语义与v2一致；深浅主题不影响数据","phonetic_toolbox/services/acoustic_service.py:PARAMETER_MAPPING","未实施 / 未验证"
"PARAM-54","参数估计 / 参数显示","保留既有独立参数","2K*-5K* (rF0)","保留独立参数键 H2KH5Kc_rF0","完整参数选择与显示列表","可独立选择；导出键名和数值语义与v2一致；深浅主题不影响数据","phonetic_toolbox/services/acoustic_service.py:PARAMETER_MAPPING","未实施 / 未验证"
"PARAM-55","参数估计 / 参数显示","保留既有独立参数","CPP (pF0)","保留独立参数键 CPP_pF0","完整参数选择与显示列表","可独立选择；导出键名和数值语义与v2一致；深浅主题不影响数据","phonetic_toolbox/services/acoustic_service.py:PARAMETER_MAPPING","未实施 / 未验证"
"PARAM-56","参数估计 / 参数显示","保留既有独立参数","CPP (rF0)","保留独立参数键 CPP_rF0","完整参数选择与显示列表","可独立选择；导出键名和数值语义与v2一致；深浅主题不影响数据","phonetic_toolbox/services/acoustic_service.py:PARAMETER_MAPPING","未实施 / 未验证"
"PARAM-57","参数估计 / 参数显示","保留既有独立参数","Intensity","保留独立参数键 Intensity","完整参数选择与显示列表","可独立选择；导出键名和数值语义与v2一致；深浅主题不影响数据","phonetic_toolbox/services/acoustic_service.py:PARAMETER_MAPPING","未实施 / 未验证"
"PARAM-58","参数估计 / 参数显示","保留既有独立参数","HNR05 (pF0)","保留独立参数键 HNR05_pF0","完整参数选择与显示列表","可独立选择；导出键名和数值语义与v2一致；深浅主题不影响数据","phonetic_toolbox/services/acoustic_service.py:PARAMETER_MAPPING","未实施 / 未验证"
"PARAM-59","参数估计 / 参数显示","保留既有独立参数","HNR15 (pF0)","保留独立参数键 HNR15_pF0","完整参数选择与显示列表","可独立选择；导出键名和数值语义与v2一致；深浅主题不影响数据","phonetic_toolbox/services/acoustic_service.py:PARAMETER_MAPPING","未实施 / 未验证"
"PARAM-60","参数估计 / 参数显示","保留既有独立参数","HNR25 (pF0)","保留独立参数键 HNR25_pF0","完整参数选择与显示列表","可独立选择；导出键名和数值语义与v2一致；深浅主题不影响数据","phonetic_toolbox/services/acoustic_service.py:PARAMETER_MAPPING","未实施 / 未验证"
"PARAM-61","参数估计 / 参数显示","保留既有独立参数","HNR35 (pF0)","保留独立参数键 HNR35_pF0","完整参数选择与显示列表","可独立选择；导出键名和数值语义与v2一致；深浅主题不影响数据","phonetic_toolbox/services/acoustic_service.py:PARAMETER_MAPPING","未实施 / 未验证"
"PARAM-62","参数估计 / 参数显示","保留既有独立参数","HNR05 (rF0)","保留独立参数键 HNR05_rF0","完整参数选择与显示列表","可独立选择；导出键名和数值语义与v2一致；深浅主题不影响数据","phonetic_toolbox/services/acoustic_service.py:PARAMETER_MAPPING","未实施 / 未验证"
"PARAM-63","参数估计 / 参数显示","保留既有独立参数","HNR15 (rF0)","保留独立参数键 HNR15_rF0","完整参数选择与显示列表","可独立选择；导出键名和数值语义与v2一致；深浅主题不影响数据","phonetic_toolbox/services/acoustic_service.py:PARAMETER_MAPPING","未实施 / 未验证"
"PARAM-64","参数估计 / 参数显示","保留既有独立参数","HNR25 (rF0)","保留独立参数键 HNR25_rF0","完整参数选择与显示列表","可独立选择；导出键名和数值语义与v2一致；深浅主题不影响数据","phonetic_toolbox/services/acoustic_service.py:PARAMETER_MAPPING","未实施 / 未验证"
"PARAM-65","参数估计 / 参数显示","保留既有独立参数","HNR35 (rF0)","保留独立参数键 HNR35_rF0","完整参数选择与显示列表","可独立选择；导出键名和数值语义与v2一致；深浅主题不影响数据","phonetic_toolbox/services/acoustic_service.py:PARAMETER_MAPPING","未实施 / 未验证"
"PARAM-66","参数估计 / 参数显示","保留既有独立参数","SHR (pF0)","保留独立参数键 SHR_pF0","完整参数选择与显示列表","可独立选择；导出键名和数值语义与v2一致；深浅主题不影响数据","phonetic_toolbox/services/acoustic_service.py:PARAMETER_MAPPING","未实施 / 未验证"
"PARAM-67","参数估计 / 参数显示","保留既有独立参数","SHR (rF0)","保留独立参数键 SHR_rF0","完整参数选择与显示列表","可独立选择；导出键名和数值语义与v2一致；深浅主题不影响数据","phonetic_toolbox/services/acoustic_service.py:PARAMETER_MAPPING","未实施 / 未验证"
"PARAM-68","参数估计 / 参数显示","保留既有独立参数","Slope (pF0)","保留独立参数键 SpectralSlope_pF0","完整参数选择与显示列表","可独立选择；导出键名和数值语义与v2一致；深浅主题不影响数据","phonetic_toolbox/services/acoustic_service.py:PARAMETER_MAPPING","未实施 / 未验证"
"PARAM-69","参数估计 / 参数显示","保留既有独立参数","Slope (rF0)","保留独立参数键 SpectralSlope_rF0","完整参数选择与显示列表","可独立选择；导出键名和数值语义与v2一致；深浅主题不影响数据","phonetic_toolbox/services/acoustic_service.py:PARAMETER_MAPPING","未实施 / 未验证"
"PARAM-70","参数估计 / 参数显示","保留既有独立参数","Jitter (Local)","保留独立参数键 Jitter_Local","完整参数选择与显示列表","可独立选择；导出键名和数值语义与v2一致；深浅主题不影响数据","phonetic_toolbox/services/acoustic_service.py:PARAMETER_MAPPING","未实施 / 未验证"
"PARAM-71","参数估计 / 参数显示","保留既有独立参数","Jitter (RAP)","保留独立参数键 Jitter_RAP","完整参数选择与显示列表","可独立选择；导出键名和数值语义与v2一致；深浅主题不影响数据","phonetic_toolbox/services/acoustic_service.py:PARAMETER_MAPPING","未实施 / 未验证"
"PARAM-72","参数估计 / 参数显示","保留既有独立参数","Jitter (PPQ5)","保留独立参数键 Jitter_PPQ5","完整参数选择与显示列表","可独立选择；导出键名和数值语义与v2一致；深浅主题不影响数据","phonetic_toolbox/services/acoustic_service.py:PARAMETER_MAPPING","未实施 / 未验证"
"PARAM-73","参数估计 / 参数显示","保留既有独立参数","Shimmer (Local)","保留独立参数键 Shimmer_Local","完整参数选择与显示列表","可独立选择；导出键名和数值语义与v2一致；深浅主题不影响数据","phonetic_toolbox/services/acoustic_service.py:PARAMETER_MAPPING","未实施 / 未验证"
"PARAM-74","参数估计 / 参数显示","保留既有独立参数","Shimmer (APQ3)","保留独立参数键 Shimmer_APQ3","完整参数选择与显示列表","可独立选择；导出键名和数值语义与v2一致；深浅主题不影响数据","phonetic_toolbox/services/acoustic_service.py:PARAMETER_MAPPING","未实施 / 未验证"
"PARAM-75","参数估计 / 参数显示","保留既有独立参数","Shimmer (APQ5)","保留独立参数键 Shimmer_APQ5","完整参数选择与显示列表","可独立选择；导出键名和数值语义与v2一致；深浅主题不影响数据","phonetic_toolbox/services/acoustic_service.py:PARAMETER_MAPPING","未实施 / 未验证"
"PARAM-76","参数估计 / 参数显示","保留既有独立参数","Shimmer (APQ11)","保留独立参数键 Shimmer_APQ11","完整参数选择与显示列表","可独立选择；导出键名和数值语义与v2一致；深浅主题不影响数据","phonetic_toolbox/services/acoustic_service.py:PARAMETER_MAPPING","未实施 / 未验证"
"PARAM-77","参数估计 / 参数显示","保留既有独立参数","唇面积","保留独立参数键 LipArea","完整参数选择与显示列表","可独立选择；导出键名和数值语义与v2一致；深浅主题不影响数据","phonetic_toolbox/services/acoustic_service.py:PARAMETER_MAPPING","未实施 / 未验证"
"PARAM-78","参数估计 / 参数显示","保留既有独立参数","唇宽度","保留独立参数键 LipWidth","完整参数选择与显示列表","可独立选择；导出键名和数值语义与v2一致；深浅主题不影响数据","phonetic_toolbox/services/acoustic_service.py:PARAMETER_MAPPING","未实施 / 未验证"
"PARAM-79","参数估计 / 参数显示","保留既有独立参数","唇开度","保留独立参数键 LipOpen","完整参数选择与显示列表","可独立选择；导出键名和数值语义与v2一致；深浅主题不影响数据","phonetic_toolbox/services/acoustic_service.py:PARAMETER_MAPPING","未实施 / 未验证"
"PARAM-80","参数估计 / 参数显示","保留既有独立参数","唇圆度","保留独立参数键 LipCirc","完整参数选择与显示列表","可独立选择；导出键名和数值语义与v2一致；深浅主题不影响数据","phonetic_toolbox/services/acoustic_service.py:PARAMETER_MAPPING","未实施 / 未验证"
"SETTING-01","参数估计设置","保留既有字段","静音阈值 (0–1)","静音阈值 (0–1)","常用设置","默认值、范围、单位、保存和重新载入与v2一致","phonetic_toolbox/gui/dialogs/settings_dialog.py","未实施 / 未验证"
"SETTING-02","参数估计设置","保留既有字段","能量窗口 (毫秒)","能量窗口 (毫秒)","常用设置","默认值、范围、单位、保存和重新载入与v2一致","phonetic_toolbox/gui/dialogs/settings_dialog.py","未实施 / 未验证"
"SETTING-03","参数估计设置","保留既有字段","帧移 (毫秒)","帧移 (毫秒)","常用设置","默认值、范围、单位、保存和重新载入与v2一致","phonetic_toolbox/gui/dialogs/settings_dialog.py","未实施 / 未验证"
"SETTING-04","参数估计设置","保留既有字段","窗宽 (毫秒)","窗宽 (毫秒)","常用设置","默认值、范围、单位、保存和重新载入与v2一致","phonetic_toolbox/gui/dialogs/settings_dialog.py","未实施 / 未验证"
"SETTING-05","参数估计设置","保留既有字段","平滑点数","平滑点数","常用设置","默认值、范围、单位、保存和重新载入与v2一致","phonetic_toolbox/gui/dialogs/settings_dialog.py","未实施 / 未验证"
"SETTING-06","参数估计设置","保留既有字段","唇形平滑点数","唇形平滑点数","常用设置","默认值、范围、单位、保存和重新载入与v2一致","phonetic_toolbox/gui/dialogs/settings_dialog.py","未实施 / 未验证"
"SETTING-07","参数估计设置","保留既有字段","仅保留浊音 (ZCR判定)","仅保留浊音 (ZCR判定)","常用设置","默认值、范围、单位、保存和重新载入与v2一致","phonetic_toolbox/gui/dialogs/settings_dialog.py","未实施 / 未验证"
"SETTING-08","参数估计设置","保留既有字段","谐波估计周期数","谐波估计周期数","常用设置","默认值、范围、单位、保存和重新载入与v2一致","phonetic_toolbox/gui/dialogs/settings_dialog.py","未实施 / 未验证"
"SETTING-09","参数估计设置","保留既有字段","共振峰数量","共振峰数量","常用设置","默认值、范围、单位、保存和重新载入与v2一致","phonetic_toolbox/gui/dialogs/settings_dialog.py","未实施 / 未验证"
"SETTING-10","参数估计设置","保留既有字段","共振峰上限 (Hz)","共振峰上限 (Hz)","常用设置","默认值、范围、单位、保存和重新载入与v2一致","phonetic_toolbox/gui/dialogs/settings_dialog.py","未实施 / 未验证"
"SETTING-11","参数估计设置","保留既有字段","REAPER 最低基频","REAPER 最低基频","REAPER设置","默认值、范围、单位、保存和重新载入与v2一致","phonetic_toolbox/gui/dialogs/settings_dialog.py","未实施 / 未验证"
"SETTING-12","参数估计设置","保留既有字段","REAPER 最高基频","REAPER 最高基频","REAPER设置","默认值、范围、单位、保存和重新载入与v2一致","phonetic_toolbox/gui/dialogs/settings_dialog.py","未实施 / 未验证"
"SETTING-13","参数估计设置","保留既有字段","REAPER hilbert","REAPER hilbert","REAPER设置","默认值、范围、单位、保存和重新载入与v2一致","phonetic_toolbox/gui/dialogs/settings_dialog.py","未实施 / 未验证"
"SETTING-14","参数估计设置","保留既有字段","REAPER no-highpass","REAPER no-highpass","REAPER设置","默认值、范围、单位、保存和重新载入与v2一致","phonetic_toolbox/gui/dialogs/settings_dialog.py","未实施 / 未验证"
